realization,Lambda1,Lambda2,r_gain,weak_axis_w0,weak_axis_wa,delta_phi_weak_deg,delta_phi_strong_deg,angle_weak_lt_5deg,angle_weak_lt_10deg,angle_weak_lt_45deg,angle_weak_lt_angle_strong
0,40.14014857560305,6.990464212277884,1.2990970049269122,-0.20641015462445647,0.97846555793646,49.713641653209784,40.286358346790195,0,0,0,0
1,38.1321975489908,6.734543489425575,1.3016766333210716,-0.19635996915377435,0.9805318773573496,60.395394378890764,29.60460562110924,0,0,0,0
2,37.77212161645482,7.4782354488139715,1.3417384894110234,-0.1999157223156565,0.9798130964479957,50.92095405330599,39.07904594669401,0,0,0,0
3,37.14339818813497,6.670284083553751,1.3062289736062374,-0.2039613145001109,0.9789789487968505,50.1357277225558,39.86427227744421,0,0,0,0
4,36.72102682841344,6.960968320535974,1.324708908141507,-0.2018145135121776,0.9794237602467294,50.94486127214259,39.05513872785741,0,0,0,0
5,36.99270674285411,7.103866236171044,1.3296906615484887,-0.20351000039078943,0.9790728674317049,48.55050926908319,41.44949073091679,0,0,0,0
6,37.107042377656214,7.051490647103486,1.3260390414169194,-0.20699752397284576,0.9783414664978232,44.828505020285334,45.17149497971465,0,0,1,1
7,37.714651474155865,7.020107726604654,1.319354120215138,-0.20078252619824527,0.9796358390613579,52.07743572237066,37.922564277629334,0,0,0,0
8,37.58353164268086,6.976950557538799,1.3182611822796342,-0.20467346965299182,0.9788303074691782,48.81319260650765,41.18680739349235,0,0,0,0
9,34.57972012842555,7.0875067364183035,1.351033932679308,-0.20473977015237524,0.9788164416875886,48.12275568911635,41.87724431088365,0,0,0,0
10,37.08134606417494,7.072278772103249,1.3273176711020862,-0.20098779578711168,0.9795937453580633,51.13727645037228,38.862723549627695,0,0,0,0
11,39.470738139035106,7.034544171888339,1.3061874369165436,-0.20099654078188317,0.9795919510662165,54.44564540150993,35.55435459849008,0,0,0,0
12,36.591285302942815,7.121037261493424,1.3340813779749232,-0.20207665402469044,0.979369708485098,51.58662332428312,38.41337667571686,0,0,0,0
13,37.82644847650661,7.11079535166617,1.3229769450418387,-0.19612828401185697,0.9805782458379159,54.959962985367014,35.04003701463297,0,0,0,0
14,36.11286929282425,6.705596219546954,1.3166258592106073,-0.204066274711878,0.9789570754252797,49.82511443804141,40.17488556195859,0,0,0,0
15,35.513546862039306,6.9340331676012905,1.3339936749444175,-0.19673133321829536,0.9804574353484969,58.69699136569103,31.303008634308977,0,0,0,0
16,38.21766575714337,7.313959860980063,1.329806917442938,-0.20380923419304103,0.9790106210137082,51.06327910698362,38.936720893016364,0,0,0,0
17,38.13253211271989,6.907044830412161,1.3103073077939225,-0.20734801143666043,0.9782672447512809,46.981092017280524,43.01890798271946,0,0,0,0
18,37.71941054589188,6.843948229353435,1.3104397556062748,-0.20126499686494842,0.9795368298522278,51.88768553268261,38.112314467317375,0,0,0,0
19,38.41100978978167,7.173007281645416,1.3212632604671333,-0.20618537207225834,0.9785129495021638,45.94734534133628,44.05265465866372,0,0,0,0
20,37.840913781184064,7.071332614224921,1.3208825678571692,-0.20928799568761428,0.9778540457865179,42.26954300802322,47.73045699197678,0,0,1,1
21,38.30021112823156,6.892694656195254,1.3082667494557727,-0.1996163751406574,0.9798741259854269,50.21592724325092,39.784072756749076,0,0,0,0
22,35.97101592429793,7.141369448003921,1.3407185047185768,-0.1994765093949252,0.979902608527815,56.41178036321561,33.58821963678439,0,0,0,0
23,35.06752105901439,7.228171875722374,1.3538116269670204,-0.19735101455645107,0.9803328909373282,55.47198921422949,34.528010785770505,0,0,0,0
24,37.89608562374465,7.0093563597867155,1.3173270528833332,-0.2044073386930764,0.9788859177087051,48.776422650199834,41.22357734980019,0,0,0,0
25,37.932260726883406,6.975218963356556,1.315323445601531,-0.2017058981303944,0.9794461346390679,50.38311972678075,39.61688027321925,0,0,0,0
26,35.015174649728095,7.384271410967407,1.3626043308004807,-0.1989055100986918,0.9800186722978187,53.970057227216245,36.02994277278375,0,0,0,0
27,37.36031270590327,6.81114846808353,1.311681167478238,-0.20300026091577883,0.9791786834220432,49.59301980185826,40.40698019814174,0,0,0,0
28,38.710802357146974,7.281277194463966,1.3241360677106837,-0.20399139415880488,0.9789726814927712,49.87867210758017,40.12132789241983,0,0,0,0
29,36.22754110487099,7.1765838337575225,1.340209186059988,-0.20201251165990342,0.9793829410056402,51.26506263539173,38.73493736460826,0,0,0,0
30,38.456043500735085,6.996613372741507,1.3121928383366426,-0.2045480585367307,0.9788565225551975,50.70382448295384,39.29617551704617,0,0,0,0
31,38.512680300784105,7.031583237341019,1.3134716036368748,-0.1969911530209498,0.9804052660157823,56.42857103499432,33.571428965005666,0,0,0,0
32,36.077263983768916,7.142733198772536,1.3398189148352748,-0.2009227745446261,0.9796070838194717,50.71321279746813,39.286787202531855,0,0,0,0
33,36.891859884043335,7.086611076727777,1.329682841483271,-0.2010864547351,0.9795734978663257,52.46726717848489,37.5327328215151,0,0,0,0
34,36.30517003307545,7.2497885068493035,1.3432863330640576,-0.20303426957910986,0.9791716322363905,49.52367647459718,40.4763235254028,0,0,0,0
35,37.68263794884726,6.910381708961618,1.3140902130870131,-0.2049195641193486,0.9787788168126321,49.729966952733584,40.2700330472664,0,0,0,0
36,36.75960471585706,7.014978469911411,1.3271556169694083,-0.19994119242596592,0.9798078993207204,51.87456989275805,38.12543010724193,0,0,0,0
37,37.314104841084976,7.343563039713768,1.3390264031924624,-0.20523579731638902,0.9787125561164044,47.29020213395258,42.709797866047424,0,0,0,0
38,37.90746731999645,6.8292526620585905,1.3081965233940407,-0.20137017752890987,0.979515212542396,53.42277603434326,36.57722396565674,0,0,0,0
39,37.70994454208106,7.043346865964086,1.3205609209728044,-0.19484794849402629,0.9808334603630064,57.160105173163856,32.839894826836115,0,0,0,0
40,36.81105941166691,7.077797007577018,1.3299333575812773,-0.204158381539245,0.9789378709843011,48.77946756003233,41.22053243996767,0,0,0,0
41,38.94464231130261,7.37245909237167,1.326668479843738,-0.20736933695751092,0.9782627244711936,47.3808990834589,42.61910091654109,0,0,0,0
42,36.64535382909609,7.257557531695704,1.3406041549107417,-0.2016716029050384,0.9794531967285178,53.35934746632833,36.640652533671656,0,0,0,0
43,34.71508228876245,7.072802849479196,1.348922190114224,-0.20053248967594892,0.9796870523715036,50.71694505448607,39.283054945513946,0,0,0,0
44,35.13743301879461,7.0641789652815765,1.3444120391842107,-0.20542648724330692,0.9786725490882411,43.77495329966384,46.22504670033616,0,0,1,1
45,37.85785233696566,6.958603840255514,1.3150937698761493,-0.20715531795030923,0.9783080671470037,47.22438140089233,42.77561859910766,0,0,0,0
46,38.864506311409606,7.473375286082009,1.3322132501788315,-0.20501122936426944,0.9787596210687028,52.20922464487717,37.79077535512282,0,0,0,0
47,38.808725850127246,7.076840867976333,1.3133568784981569,-0.2010293770164968,0.9795852130245531,53.037811684536344,36.962188315463656,0,0,0,0
48,36.212705330454206,7.277770079904735,1.3455788165978808,-0.1998390109926766,0.9798287450802149,54.16044276605989,35.8395572339401,0,0,0,0
49,37.89471845084519,7.027863190659259,1.3182647611563716,-0.20464471533622874,0.9788363195575417,48.71879960006695,41.28120039993306,0,0,0,0
50,35.61637205835536,7.013777317932086,1.337273572130593,-0.2017698437188397,0.9794329635894817,49.94764940508753,40.05235059491247,0,0,0,0
51,41.49812229947344,7.027613005604556,1.2912224244972133,-0.20429693103357913,0.9789089661302837,52.084192258299026,37.91580774170096,0,0,0,0
52,37.16357990188878,6.961026379705108,1.320949750731183,-0.20018995344889579,0.9797571038467282,53.21045094505356,36.78954905494646,0,0,0,0
53,35.18047894685033,6.78954700916171,1.3293152581105583,-0.20320414004441037,0.9791363937004954,48.73642195046655,41.26357804953345,0,0,0,0
54,38.32378036964144,7.715040763877814,1.3485444486295697,-0.20136825641323455,0.9795156074862175,53.76006335984158,36.23993664015841,0,0,0,0
55,38.045603859188,6.914069312652501,1.3113508435913477,-0.2020515667657909,0.9793748844888199,50.870378275124054,39.129621724875946,0,0,0,0
56,36.99623535353155,7.199322900739149,1.33452088478675,-0.20228936767458963,0.9793257944758805,52.22324067117027,37.776759328829705,0,0,0,0
57,37.355038895630145,7.181021618125476,1.3304835537890383,-0.1975158467777656,0.9802996941097463,54.698460939744784,35.301539060255195,0,0,0,0
58,34.987567586068195,6.943461557032587,1.3393654469341707,-0.1973775185468933,0.980327555040799,54.24655453440137,35.753445465598645,0,0,0,0
59,37.37582969432875,6.999505039872338,1.3211267935601367,-0.20433840781484303,0.9789003090671159,48.87613461074032,41.12386538925968,0,0,0,0
60,37.30490923849216,7.165321937438443,1.330120856976558,-0.1955580074701611,0.9806921360520336,58.100876406417804,31.899123593582175,0,0,0,0
61,37.43402338601693,7.452403115504434,1.3434254451477987,-0.20575957318861202,0.9786025741031138,44.72478935925119,45.27521064074882,0,0,1,1
62,35.75071799075046,6.719635860464105,1.3204985640848925,-0.19569039800069912,0.980665727009121,59.26173008899402,30.738269911005954,0,0,0,0
63,36.33915673262263,7.188422440741428,1.3398099580562919,-0.1992471587974995,0.9799492689476962,50.33265377110495,39.66734622889506,0,0,0,0
64,37.687783086865494,6.7980423765999465,1.3083729597913971,-0.20689467031194905,0.9783632226307926,47.53029280097741,42.46970719902258,0,0,0,0
65,36.48475984338108,6.918821919748785,1.3245678743320217,-0.2012965399885424,0.9795303481713271,51.04054063745756,38.95945936254245,0,0,0,0
66,35.92732809455419,7.023088307152897,1.3349324598132808,-0.20310682779156017,0.9791565842624199,50.59450413269787,39.405495867302115,0,0,0,0
67,36.62213350844493,7.308438494178827,1.343416226223452,-0.19772908205367057,0.9802567062306756,52.46446932707383,37.53553067292616,0,0,0,0
68,35.59815503438417,7.0766182581370956,1.3407568898011244,-0.20374404988544648,0.9790241887391122,50.216085791147925,39.783914208852075,0,0,0,0
69,37.74728772357683,6.844200011089281,1.3102285790084431,-0.20768703351048087,0.9781953261550662,44.721724980986316,45.27827501901367,0,0,1,1
70,38.588567890743434,7.719390014788511,1.346451955960564,-0.20373218964095002,0.9790266568914782,46.54103393123087,43.45896606876911,0,0,0,0
71,38.10908753013555,7.382188926555048,1.3340871995216015,-0.20298430955522329,0.9791819902726914,49.7945819754972,40.2054180245028,0,0,0,0
72,35.87581612024836,6.9983034492479765,1.334097838489498,-0.2043678455704591,0.9788941636851703,51.04416716038475,38.955832839615255,0,0,0,0
73,38.967903449613175,7.200852583329053,1.3181505690699664,-0.19940687739747018,0.9799167807760975,54.581067796257415,35.41893220374257,0,0,0,0
74,37.22062757110413,7.267349825084434,1.3360051359942475,-0.20155462435734028,0.9794772755915124,51.701025681870455,38.29897431812956,0,0,0,0
75,37.15446827073028,7.144047137711728,1.3303377219331656,-0.20159900121123886,0.9794681427747565,52.14853704007068,37.85146295992932,0,0,0,0
76,37.18170598611402,7.250687149602101,1.3355032129432352,-0.2096926873748565,0.9777673429101172,45.84651394175195,44.15348605824804,0,0,0,0
77,38.20221014700573,7.158242561415302,1.3222387784265783,-0.20564819598815262,0.9786259854953875,49.62444859393683,40.37555140606317,0,0,0,0
78,39.37198811514678,7.400475629851734,1.32457108633093,-0.2010767653125776,0.9795754868571541,51.27723692670659,38.722763073293386,0,0,0,0
79,37.062298666960835,7.028640608761512,1.3252560237595241,-0.2004348427874101,0.9797070346776051,51.61388805735427,38.38611194264573,0,0,0,0
80,37.25338797767841,6.9795556644010786,1.3211392582100727,-0.19971645073145264,0.9798537336292756,54.35093778661657,35.64906221338344,0,0,0,0
81,36.78985050139338,7.369194728067534,1.3449957928437088,-0.20443515557325406,0.9788801086781462,48.65344712884985,41.34655287115014,0,0,0,0
82,38.45310422123813,7.144112453559006,1.3194980339536635,-0.2046878692117907,0.9788272964101159,48.487518678081024,41.51248132191897,0,0,0,0
83,37.778198154400336,6.846718349659503,1.3101076850661004,-0.19960274612489104,0.979876902339984,52.81266607803731,37.18733392196267,0,0,0,0
84,38.61612076884247,6.878222867159229,1.3050872275419498,-0.20018303130141457,0.9797585181966916,53.16207431658138,36.83792568341862,0,0,0,0
85,37.61839402246031,6.999299726774581,1.3191008498007464,-0.19741474420056415,0.9803200593542019,54.061325105365555,35.93867489463447,0,0,0,0
86,37.60068276571653,7.261361504763459,1.3324161227496236,-0.20104999794533748,0.9795809809945167,51.843158813917164,38.15684118608281,0,0,0,0
87,37.43012790259162,6.963542917988317,1.31885191388054,-0.20352575447418622,0.9790695926570865,50.404312939298514,39.59568706070149,0,0,0,0
88,38.14165507199431,7.099371926035648,1.3198136344838534,-0.19942105200218088,0.9799138962267773,56.29937030475259,33.7006296952474,0,0,0,0
89,38.57513072772948,6.965034911326818,1.3096943533885888,-0.2031534851618848,0.9791469049466375,51.813675054727526,38.18632494527249,0,0,0,0
90,37.09867541617878,7.008173882903846,1.3239024659191878,-0.20188373451516847,0.979409494408855,52.54838609783785,37.451613902162144,0,0,0,0
91,36.702282530445444,7.574618198818084,1.356222310019672,-0.1993323619171347,0.9799319412553795,54.003165806199455,35.99683419380054,0,0,0,0
92,38.393012043987675,7.016072997692808,1.313656315260919,-0.20194950052655353,0.9793959358896052,49.14682414607525,40.85317585392476,0,0,0,0
93,39.452995529887986,6.991656242661821,1.3042484510500045,-0.1986367815632651,0.9800731753344685,57.79626557860035,32.20373442139965,0,0,0,0
94,38.53659583567223,6.7542893889249935,1.299556557608956,-0.2045296634527411,0.9788603663280623,49.677789188441025,40.322210811558975,0,0,0,0
95,39.01738715047826,7.052237812626055,1.310523384624393,-0.20543463624837482,0.9786708385506834,48.36478337242729,41.6352166275727,0,0,0,0
96,36.25231219997701,6.763063468571379,1.318450028742394,-0.20214779965187396,0.9793550260737451,52.23050658604203,37.769493413957974,0,0,0,0
97,34.40096730500512,6.85859839714285,1.3403334566356984,-0.20206350522826905,0.9793724214285724,48.651227608604735,41.34877239139525,0,0,0,0
98,38.341078596960415,7.004465406624589,1.3134950860103245,-0.20505303432213187,0.9787508636600464,47.95783393399028,42.042166066009734,0,0,0,0
99,37.90597118559223,7.304583871280655,1.331968956819537,-0.20904503677715017,0.9779060141950453,44.604576040275276,45.39542395972472,0,0,1,1
100,37.87877779533535,7.047677425896902,1.3193870443311824,-0.20336331781180578,0.9791033453974991,49.14410878979766,40.85589121020234,0,0,0,0
101,34.76503064386754,7.309496963903975,1.3611199207556,-0.20431621102922082,0.9789049422240461,48.35833556830019,41.6416644316998,0,0,0,0
102,37.11793474898844,6.594905680231319,1.3025530780471455,-0.1971611472296938,0.980371094036881,56.49650283147996,33.50349716852005,0,0,0,0
103,36.1564458187558,6.8673067842764155,1.3247378704671353,-0.20442705856140522,0.9788817996714066,47.055205602254034,42.94479439774596,0,0,0,0
104,38.84112454294454,6.811429738334088,1.3000716685813138,-0.2065120747249975,0.9784440520503853,49.32723789245581,40.67276210754418,0,0,0,0
105,38.200747616133064,7.126993282477349,1.3207021402044643,-0.20442293936783115,0.9788826599037374,46.74757424377739,43.25242575622258,0,0,0,0
106,38.45131863971851,7.303557729459438,1.327353032065711,-0.2000833875499669,0.9797788720045608,52.9533420569039,37.04665794309609,0,0,0,0
107,36.65956388583623,7.241785358529276,1.339669453836397,-0.2050228337162158,0.978757190346499,46.318701313774945,43.68129868622505,0,0,0,0
108,38.03467928948678,7.027663844739847,1.317114234541465,-0.20783025721448636,0.9781649064376418,48.71733264292525,41.28266735707474,0,0,0,0
109,39.6584180464442,6.764399980174969,1.2917357489758075,-0.20253783308635626,0.9792744386374451,55.004660465476256,34.99533953452372,0,0,0,0
110,35.804051006789905,7.614641040084678,1.3668565192843882,-0.2033350762846598,0.9791092108402982,50.086250829158075,39.91374917084194,0,0,0,0
111,38.30189227119913,7.149045245890932,1.3209687868924145,-0.20158413644046438,0.9794712021981821,51.97790464445374,38.022095355546234,0,0,0,0
112,38.26242096509405,7.24342085393748,1.325954660904795,-0.19932418839754834,0.9799336038322488,54.52057720239705,35.47942279760295,0,0,0,0
113,35.27521792895918,7.074680613166391,1.3436697590340898,-0.19991406165987743,0.9798134352776813,49.30666749119819,40.69333250880182,0,0,0,0
114,36.41069326456643,6.853005433065637,1.3217870257844522,-0.20130364805647027,0.9795288874143309,51.00324687617883,38.99675312382118,0,0,0,0
115,39.29969162185825,6.797231809942419,1.2959493465265168,-0.20880073694138598,0.977958205780152,45.614391201814264,44.385608798185736,0,0,0,0
116,37.11909976520762,7.6047497399011545,1.353887369923884,-0.19651426751097215,0.9805009651523174,57.355130936371914,32.644869063628065,0,0,0,0
117,35.27094014156701,6.664258639770221,1.3217677758639297,-0.20309598060647452,0.9791588342355364,50.423673833133996,39.576326166866,0,0,0,0
118,37.212457014530365,7.012572184287847,1.3231630901173792,-0.19557330741152515,0.9806890849948913,56.21008447799964,33.78991552200035,0,0,0,0
119,36.95738280678067,6.998042347112181,1.3245877035588944,-0.2019198828189927,0.9794020425353239,52.413324476452274,37.58667552354772,0,0,0,0
120,37.51829901403151,7.13293117320433,1.326669160589343,-0.20464073903189836,0.9788371508726457,51.78848379256808,38.21151620743195,0,0,0,0
121,36.01956079205888,7.079163378451564,1.337030432636012,-0.19997824405080564,0.9798003377762005,52.04180134092464,37.95819865907537,0,0,0,0
122,39.376370555092336,7.224763925347987,1.316089809923125,-0.20234236855425536,0.9793148451278852,54.25577854354322,35.74422145645678,0,0,0,0
123,37.95069536709808,6.969825401767852,1.3149041380071482,-0.20143898452510278,0.9795010645800725,51.63897804230779,38.361021957692195,0,0,0,0
124,36.890417572039084,6.861069520077806,1.3181252700383044,-0.20006000267055588,0.9797836472055742,53.86368066925763,36.13631933074235,0,0,0,0
125,37.094634118828765,7.295826827997137,1.3385509553671961,-0.1984370533327119,0.980113634159137,56.08684077427008,33.91315922572991,0,0,0,0
126,39.72987013872306,6.794515601077097,1.2926758906680205,-0.19872017759224211,0.9800562693119758,55.756784779969664,34.24321522003032,0,0,0,0
127,36.319294909479154,6.93704490658771,1.326954176219924,-0.20066694163421941,0.9796595217396545,55.35521057038479,34.64478942961521,0,0,0,0
128,37.66134223401235,6.9874440251631045,1.3181493987908723,-0.20339982599152548,0.9790957618060745,46.71489669109337,43.285103308906635,0,0,0,0
129,37.91236980469311,6.787761267348889,1.3060698224390725,-0.20496551773791677,0.978769194722856,49.885223715148435,40.11477628485156,0,0,0,0
130,36.73138830191204,7.2462929250447115,1.3392574711256322,-0.20177555069421518,0.9794317878964548,50.17650236361742,39.82349763638255,0,0,0,0
131,37.20349269559246,7.03418527384831,1.3243380434530694,-0.2002420285022624,0.9797464621121625,51.74646916711345,38.253530832886554,0,0,0,0
132,37.37512175831157,7.247456957018954,1.3336592431224403,-0.20553145297101483,0.9786505105703586,48.569298851535244,41.43070114846476,0,0,0,0
133,37.71516274682901,6.995991953014799,1.3181372302825463,-0.2024611285294363,0.9792902998777161,50.62516678452805,39.37483321547195,0,0,0,0
134,37.973142656407006,7.189004029517604,1.3256587957642318,-0.20206560306713595,0.9793719886014276,48.102323833259106,41.89767616674089,0,0,0,0
135,37.073664898572446,6.828613040785851,1.31492887503881,-0.19768934091501567,0.9802647216382862,55.400689611339224,34.59931038866077,0,0,0,0
136,36.525593533605345,6.859855717070713,1.3211569519896398,-0.20255901043236105,0.9792700584071089,50.04281373431436,39.957186265685635,0,0,0,0
137,34.83265866424123,6.79965431589028,1.333056537364374,-0.20148400888774223,0.9794918040302961,54.85377690848566,35.146223091514344,0,0,0,0
138,35.90871574489047,6.749286094318809,1.3206911677557465,-0.1998592358578068,0.9798246199409022,55.52589928654112,34.47410071345888,0,0,0,0
139,37.15667873704348,6.939908523242122,1.319930425879801,-0.20172473062031782,0.979442256111181,50.61305843126742,39.386941568732595,0,0,0,0
140,37.18420401168913,6.888657256346167,1.3170843323492107,-0.20269000082676297,0.9792429543095252,49.79786609919823,40.20213390080176,0,0,0,0
141,37.380466446497536,7.2357755872151035,1.3330248905298323,-0.2028382249245025,0.979212262234025,49.14981191584656,40.85018808415344,0,0,0,0
142,35.34938580019647,7.299709702274501,1.3548656557513719,-0.19982058205383718,0.9798325035370412,52.7069351417858,37.29306485821421,0,0,0,0
143,39.44221946093248,7.2859320161493955,1.3185163676022726,-0.20408095928597808,0.9789540142708008,53.81179540657115,36.188204593428836,0,0,0,0
144,35.31986690538746,7.1705152046636496,1.3483284694434297,-0.20095461906080858,0.9796005517955394,51.70897114733972,38.29102885266029,0,0,0,0
145,37.240991590346574,7.030930604474932,1.3238552163733484,-0.2044406541667789,0.9788789603029883,47.49521217713035,42.504787822869645,0,0,0,0
146,37.01623276959066,7.283156949217904,1.3386019329893715,-0.20634833951673132,0.9784785959737125,44.60005703593992,45.39994296406008,0,0,1,1
147,36.80639947924299,7.133658888357565,1.3328345981350247,-0.19854183340349657,0.9800924142083636,54.382076794167254,35.617923205832724,0,0,0,0
148,36.488174163492424,6.794408632067471,1.3180746490705537,-0.20593248139973835,0.978566202719339,46.10910737606281,43.890892623937184,0,0,0,0
149,39.75766658995694,6.872372719127129,1.2962297540137984,-0.20406964665459917,0.9789563725285549,50.99569115768043,39.00430884231955,0,0,0,0
150,35.51923961117291,6.870068626599043,1.3305455469086562,-0.20163874985507171,0.9794599606706157,48.25492883513179,41.74507116486819,0,0,0,0
151,38.419753096152306,7.198409042046189,1.3224434219579955,-0.19754526769541025,0.9802937657718469,54.112258959551994,35.88774104044801,0,0,0,0
152,37.53241168155802,7.052463121173456,1.322495779859103,-0.20029680128449642,0.9797352659750485,55.37477397778113,34.62522602221887,0,0,0,0
153,35.641103788311284,7.381537210743841,1.3563442119021984,-0.20257685080218016,0.979266368011825,49.33891179601584,40.66108820398416,0,0,0,0
154,36.526492383534666,7.092688152581079,1.333194413836613,-0.20596832076647317,0.9785586598874076,46.87931552769854,43.120684472301456,0,0,0,0
155,39.94471221400675,7.303207806876217,1.3154372859998842,-0.20087758991188095,0.9796163503490508,53.08701731002517,36.912982689974825,0,0,0,0
156,36.426204446913914,6.820961489048852,1.3199854808254718,-0.20332728562193092,0.979110828722478,49.00925016542052,40.99074983457946,0,0,0,0
157,36.567745274733916,6.801354544971965,1.3177606658726149,-0.20271333488371635,0.9792381241865138,53.769980945482445,36.230019054517534,0,0,0,0
158,37.52056258837899,6.896099276618891,1.3146896999699442,-0.20492939892931722,0.9787767577208139,50.79365464375842,39.20634535624157,0,0,0,0
159,35.73446770452526,7.293386713279982,1.3508533798174336,-0.20042889092720667,0.9797082523290748,51.09024091652913,38.90975908347086,0,0,0,0
160,38.31688638262076,6.979426746649021,1.3124456114237837,-0.20134807899100093,0.9795197553324964,54.20051302309659,35.799486976903395,0,0,0,0
161,36.30044420214665,7.164544782090712,1.3389257472170153,-0.19731901114583014,0.9803393330069092,54.4030635128682,35.5969364871318,0,0,0,0
162,34.76208478530566,6.94707083792389,1.3416910269586781,-0.2062059409382578,0.9785086151494875,46.812428091289995,43.18757190871,0,0,0,0
163,37.272621661849875,7.233948667005708,1.3338660431510792,-0.20541734615951246,0.9786744677862926,47.726592986947615,42.27340701305237,0,0,0,0
164,38.351567683329115,7.021332947436935,1.3142473723285173,-0.20037715495631503,0.9797188350601477,57.31081548916367,32.689184510836334,0,0,0,0
165,36.35110884698717,7.194934252730801,1.340038067349888,-0.2022942185120805,0.9793247924751965,48.85832701781081,41.14167298218918,0,0,0,0
166,37.798205355011916,7.271615533434281,1.33124356648681,-0.2008719610547903,0.9796175045710457,52.85445735356968,37.145542646430314,0,0,0,0
167,38.79020685003762,7.393969889600425,1.3289752339267378,-0.2070497456907602,0.97833041596865,45.01801689422049,44.981983105779506,0,0,0,0
168,39.2296407367888,7.127980443361979,1.3125570287237998,-0.20042368394845736,0.97970931755931,53.17740036165352,36.82259963834648,0,0,0,0
169,35.472482331421006,7.035853514360319,1.3397675466091608,-0.19960899994889564,0.9798756284036264,54.24274551124691,35.757254488753105,0,0,0,0
170,36.300131725580854,6.845387043586056,1.3223433794747086,-0.20445352213325999,0.9788762727164779,51.331939904617386,38.6680600953826,0,0,0,0
171,37.59727436791617,6.768562624919215,1.3076031011006766,-0.20382950570671982,0.9790064006958046,52.69043888225974,37.30956111774025,0,0,0,0
172,36.62782853664222,6.79368030991389,1.3168544616297375,-0.20555925629271588,0.9786446710386695,48.9290660503298,41.070933949670184,0,0,0,0
173,37.896808352691764,7.134777426130369,1.323591272885258,-0.20602515291398196,0.9785466960583793,48.06012823196366,41.93987176803634,0,0,0,0
174,37.022897519906884,7.139427156172361,1.3312409900285274,-0.200115607981096,0.9797722916281908,50.301533406191965,39.698466593808035,0,0,0,0
175,36.42227218477736,7.048458720602935,1.3318309152565864,-0.19689488193974783,0.9804246046820391,54.36538519862773,35.634614801372265,0,0,0,0
176,36.193508203411845,7.169186388427725,1.3401350294234298,-0.20095232958152356,0.9796010214550407,54.52379465677127,35.47620534322871,0,0,0,0
177,36.46326326935054,6.708542361919193,1.3138098828699611,-0.20232931003057414,0.9793175431404012,54.69822361923913,35.30177638076085,0,0,0,0
178,36.972906371827435,7.361371975372961,1.3429510909737628,-0.20186479825790793,0.9794133975111298,51.317819702616156,38.682180297383844,0,0,0,0
179,37.38354998136258,6.847403042560779,1.3133377869591136,-0.20317971152582873,0.9791414631320038,51.17542643265578,38.82457356734422,0,0,0,0
180,36.86136406249981,7.082294316959483,1.329726589022544,-0.2016222678101368,0.9794633536396845,53.58044146116141,36.41955853883857,0,0,0,0
181,37.33669440020675,7.00772996391597,1.3218715629194804,-0.20391454286920035,0.978988692072817,47.85316304976197,42.146836950238026,0,0,0,0
182,37.16075943524042,7.216555258556878,1.33395879429491,-0.20501153228679417,0.9787595576184279,47.91094363110367,42.08905636889634,0,0,0,0
183,37.47483031165447,7.009533586082584,1.3208082958852727,-0.20731713061734558,0.9782737895663925,44.13586661563915,45.86413338436084,0,0,1,1
184,37.98631710070596,7.5820217083126975,1.344991005234855,-0.2056295847170964,0.9786298962779925,46.88152255346574,43.11847744653425,0,0,0,0
185,34.57537924766284,7.162545530064804,1.3551236786611307,-0.19892015227453225,0.9800157003941709,49.559603458816056,40.44039654118394,0,0,0,0
186,38.80467561075672,7.0680632860217685,1.312958846006585,-0.20161740498449138,0.9794643546384522,51.639221436592344,38.360778563407685,0,0,0,0
187,38.634417838400786,6.728488003726239,1.2975345305251775,-0.20384742186483285,0.979002670373815,50.421446673492525,39.578553326507475,0,0,0,0
188,37.825443234266324,7.299662767630954,1.3324087067782182,-0.201466587753946,0.9794953874412996,52.14872585168872,37.85127414831127,0,0,0,0
189,37.46280852878205,7.007144191216955,1.3207876241491716,-0.20573266125876213,0.9786082321804714,48.61810170850276,41.38189829149725,0,0,0,0
190,39.16673363423311,6.822023054820329,1.298146078986828,-0.20033530414334408,0.9797273936732572,53.75943769479477,36.24056230520522,0,0,0,0
191,38.90872229674662,6.904708037924014,1.3041434072015647,-0.2032045580550609,0.9791363069489596,50.702791748668,39.297208251332,0,0,0,0
192,39.93933757784845,7.081988636905509,1.3049434257515695,-0.20178831903948946,0.979429157366278,53.20293004843335,36.79706995156665,0,0,0,0
193,36.41397337971837,7.3711944142054655,1.3485317909956724,-0.2033091279389048,0.9791145992664607,49.78868091763299,40.21131908236699,0,0,0,0
194,39.06246162451467,7.048290852615756,1.3099814901583755,-0.20168702668139138,0.979450020811894,52.59813762806674,37.40186237193328,0,0,0,0
195,37.02376134232496,6.800758854895466,1.3139122756102355,-0.2050869431499676,0.9787437589836279,47.5424975872017,42.457502412798284,0,0,0,0
196,35.449182541243,7.016447423313906,1.3389553838759274,-0.20294338116829644,0.9791904738302857,50.14578092442175,39.85421907557826,0,0,0,0
197,37.59976943227254,7.335450622071465,1.3361299060060683,-0.20433095865633988,0.9789018639958662,49.80711138901037,40.19288861098963,0,0,0,0
198,33.753992376426936,6.963136183184036,1.352435061469299,-0.2030660506979926,0.9791650417850507,50.60572378451121,39.39427621548879,0,0,0,0
199,35.66015393468648,7.251551236759402,1.3493684329849334,-0.20274711777113005,0.9792311301401215,53.957052620851904,36.04294737914809,0,0,0,0
200,37.908490091696066,7.021426115820938,1.3178300546650346,-0.20302365083505736,0.9791738340057933,51.39001793001969,38.60998206998029,0,0,0,0
201,36.9907185200324,6.9207140178480255,1.3203440861327678,-0.19975322813875215,0.9798462368393052,51.3786657371115,38.62133426288851,0,0,0,0
202,35.10786258360206,7.102340552947417,1.346727335390948,-0.1983626413282928,0.9801286969195745,52.93584531401108,37.06415468598893,0,0,0,0
203,36.37196284742054,7.194802043814554,1.3398427080428819,-0.20831451372127108,0.9780618913816601,43.601368672048295,46.39863132795168,0,0,1,1
204,36.62941443652973,7.182437467345925,1.3368974262080098,-0.2000267858198287,0.979790429099299,51.655827519932835,38.34417248006716,0,0,0,0
205,36.3562158599569,7.247314352860222,1.3426932709561696,-0.20291837053215606,0.9791956571087184,51.85616924265634,38.14383075734366,0,0,0,0
206,37.150670695403896,6.881746028608259,1.317010010235179,-0.20701719929024498,0.9783373033867322,45.3306465043822,44.66935349561778,0,0,0,0
207,36.51609678452286,7.404229296339019,1.3492812584325145,-0.2020355102110861,0.9793781969258587,48.82549822344559,41.17450177655441,0,0,0,0
208,36.464155222281036,6.960807708537258,1.326923715466861,-0.20112273418568838,0.9795660497351227,53.399772097060485,36.60022790293953,0,0,0,0
209,36.83147957155846,7.011439329678714,1.3263537724978598,-0.19570018602303024,0.9806637737729234,58.52538177547534,31.474618224524665,0,0,0,0
210,36.59086336972209,6.819004817429133,1.318480890829384,-0.20001600706974448,0.9797926295476383,54.152106312995066,35.84789368700493,0,0,0,0
211,38.84204044875468,6.748105886551269,1.2969433942806612,-0.2040077207540574,0.9789692793304265,54.10724041900765,35.892759580992326,0,0,0,0
212,37.27420700761037,6.709158897157927,1.3071689085543226,-0.20745491113356057,0.9782445807907992,45.75672933334403,44.24327066665598,0,0,0,0
213,39.1468658393797,6.889719577625453,1.3016021737604306,-0.20472230232786157,0.9788200952828766,49.53553446380787,40.464465536192115,0,0,0,0
214,37.826305646530415,7.02694142110646,1.3187789697777832,-0.2078121744176224,0.9781687483066608,48.45140515361165,41.548594846388355,0,0,0,0
215,38.606022342382516,6.867215344060229,1.3046209798095683,-0.2090588128470266,0.9779030692103342,48.30534269095016,41.69465730904983,0,0,0,0
216,35.92457729661341,7.269969327322232,1.3478464057584618,-0.19742028190185854,0.9803189441675556,56.54769090444753,33.45230909555245,0,0,0,0
217,36.78370289916191,7.283547587121405,1.3406909595431415,-0.2047380697738614,0.9788167973554976,49.11883328172707,40.88116671827292,0,0,0,0
218,38.89791512370083,7.018068553705471,1.3097820500054687,-0.19791660351271767,0.9802188623230985,53.71294819232705,36.28705180767294,0,0,0,0
219,40.5350152721512,7.450361105759873,1.317850201552644,-0.20648976196416663,0.9784487611540942,46.375872337281805,43.62412766271817,0,0,0,0
220,34.66168079409602,6.943732162551751,1.3424678697108612,-0.2021417791787168,0.97935626873496,50.96297100869534,39.03702899130464,0,0,0,0
221,38.01580437907893,7.343087696726706,1.3329463107287585,-0.20170353917871495,0.9794466204356319,51.04674964407256,38.95325035592742,0,0,0,0
222,38.003571784413296,6.921444436430544,1.312056187655411,-0.20479538687443602,0.9788048066468361,47.68723224298629,42.312767757013695,0,0,0,0
223,38.55670281781492,7.513941402583363,1.3367552770120235,-0.19840948071004408,0.9801192161999329,54.94437496574331,35.05562503425669,0,0,0,0
224,41.22671915100623,7.167588130814466,1.29959863502128,-0.20399495206031082,0.9789719401157071,49.16708827904237,40.83291172095764,0,0,0,0
225,37.68863728536683,7.201158424815737,1.3286534220622395,-0.2053978174742769,0.9786785665257024,48.29607514468807,41.70392485531194,0,0,0,0
226,37.73583236913692,7.430145072928148,1.339668044408805,-0.19929559164763616,0.9799394201428059,54.90778377440159,35.092216225598406,0,0,0,0
227,36.27032010488639,7.337462401812823,1.348125649909474,-0.20075254405254767,0.9796419836126001,50.72986315993029,39.27013684006971,0,0,0,0
228,37.76706852680089,6.9098242130669565,1.3133772543833835,-0.20200069643062457,0.979385378000684,52.139080831150785,37.86091916884919,0,0,0,0
229,38.721196422705084,7.3583043814225055,1.3278071649739462,-0.19799794885053307,0.9802024343221056,56.2079927559947,33.792007244005276,0,0,0,0
230,37.406448775796186,7.0664484943421835,1.3242589489340597,-0.2013066652113736,0.979528267351931,53.810064506476,36.18993549352399,0,0,0,0
231,36.86051763618791,6.777192525155571,1.314052668092607,-0.2033771366600392,0.9791004750708497,48.6692196177565,41.33078038224349,0,0,0,0
232,37.81930037638103,7.478143236732464,1.3413223473340303,-0.20240999699535156,0.9793008695576358,49.64702388025023,40.35297611974978,0,0,0,0
233,37.59331519564392,6.674101025216553,1.3028356951198932,-0.20401470331687738,0.9789678242059472,49.86610231231401,40.13389768768599,0,0,0,0
234,38.10537962299401,7.347969543570326,1.3324293793057267,-0.20787742058269124,0.9781548844696769,47.108191187086824,42.89180881291317,0,0,0,0
235,34.977053155862855,7.113323725445889,1.3485660051727004,-0.19977611856449484,0.9798415700771756,53.83143534965294,36.168564650347044,0,0,0,0
236,36.80441906150512,7.159703593834358,1.334184227105096,-0.2015963736848427,0.9794686835816249,49.67634354714727,40.32365645285272,0,0,0,0
237,37.32435299560577,6.95611195332574,1.319354198233261,-0.20470263980528405,0.978824207535116,44.99840593783194,45.00159406216807,0,0,1,1
238,36.21365288010424,6.869978567169697,1.3243785014131986,-0.20304056209387755,0.9791703274428827,50.01534604027176,39.98465395972823,0,0,0,0
239,37.921447351777005,6.797613202740927,1.3064940055260452,-0.20182392838102944,0.9794218202249984,52.25664570587587,37.74335429412412,0,0,0,0
240,38.73067570390961,6.872351430907239,1.303915438046024,-0.19799660635546165,0.9802027055011225,56.77517359531355,33.22482640468646,0,0,0,0
241,36.615323269542,6.609836813406996,1.3073972519454018,-0.19891704878957894,0.9800163303235535,53.17084434229996,36.82915565770005,0,0,0,0
242,36.31370984221647,7.256214522274051,1.3435397798377893,-0.2008397069109263,0.9796241177757585,49.42409954133164,40.57590045866836,0,0,0,0
243,38.00775769954632,7.175163346324725,1.3246826020481177,-0.20240196240848873,0.9793025301780818,51.37740541965321,38.6225945803468,0,0,0,0
244,36.768555300103195,6.8752128718038765,1.3198822574465592,-0.20230968573387118,0.9793215973612868,52.72861152063887,37.271388479361136,0,0,0,0
245,38.66368552421221,7.523720018109825,1.3363292031342064,-0.19702045752313582,0.9803993774566436,59.41380859804196,30.586191401958057,0,0,0,0
246,36.96015575109359,6.998434351946725,1.3245840927272006,-0.1962271632374336,0.9805584635338117,55.970844461111554,34.02915553888841,0,0,0,0
247,36.59297057014258,6.99270330267331,1.3274527002606866,-0.19724067015728197,0.980355097929269,58.40065532180892,31.59934467819108,0,0,0,0
248,37.61451096741756,6.946268148362565,1.316457533288789,-0.20794522174594138,0.9781404729143107,45.246321204843674,44.75367879515632,0,0,0,0
249,36.96720986689131,7.042661518283869,1.3267857468532236,-0.20012469414235298,0.9797704357625974,51.274568756884555,38.72543124311543,0,0,0,0
250,39.70658391908239,7.054629264272369,1.3053754668071451,-0.20273559482929204,0.9792335158628984,50.12046158453772,39.87953841546228,0,0,0,0
251,38.01691426461544,7.036730052010075,1.317711045343973,-0.203143272244807,0.9791490238680076,51.1625312792233,38.83746872077671,0,0,0,0
252,35.34105466673826,7.287823576538913,1.3543199266948343,-0.20325776462218342,0.9791252632430608,50.022052411381566,39.977947588618434,0,0,0,0
253,37.05021022407868,6.969212151264968,1.3223238940523436,-0.20064309647222808,0.9796644057216921,50.43946436200238,39.56053563799764,0,0,0,0
254,37.71018581490918,7.128632074378117,1.3248391100194756,-0.20416203410219913,0.9789371092318713,48.52150352651192,41.47849647348807,0,0,0,0
255,37.133020497740844,7.005810350004705,1.3234907075722053,-0.20342766335718682,0.9790899783886234,51.435365557982834,38.56463444201715,0,0,0,0
256,36.74184436376862,6.96963614011583,1.3249763261978054,-0.2057052567076937,0.9786139930344456,47.545584421586184,42.4544155784138,0,0,0,0
257,37.57121952739504,6.777586737582314,1.3082697095014126,-0.20650106154490055,0.9784463764462665,49.72530249347586,40.27469750652415,0,0,0,0
258,35.82211442866167,7.116236500244507,1.3407717304610354,-0.20402893699272726,0.9789648578317905,53.36333340152653,36.63666659847346,0,0,0,0
259,34.972024682384756,7.257473951841652,1.3563013087360851,-0.20259531483234783,0.9792625482514798,50.818043951577465,39.18195604842254,0,0,0,0
260,36.338678893999706,6.921349173163343,1.3259680141394201,-0.20619165239753795,0.9785116261351078,47.5341102313294,42.465889768670586,0,0,0,0
261,38.206542012703544,7.223461867360549,1.325430805179805,-0.2030804563684537,0.9791620541264763,50.82497038461056,39.17502961538942,0,0,0,0
262,36.26322747530266,6.843937596781125,1.3225869588138015,-0.2010396978858195,0.9795830949306846,50.94830794230493,39.05169205769504,0,0,0,0
263,34.76721675411946,7.195942768772332,1.355026547971898,-0.20578950927866574,0.978596279305642,47.463792690101506,42.5362073098985,0,0,0,0
264,38.64286162429836,7.139397462507196,1.3177398861815173,-0.2019948213319053,0.9793865897361937,52.456809365167686,37.54319063483232,0,0,0,0
265,37.62275489191483,6.799222450930515,1.3089535539265185,-0.20224252687886818,0.9793354687346162,50.31745522792677,39.68254477207322,0,0,0,0
266,36.158203383341565,6.836653935647419,1.323117292352095,-0.20876429357188855,0.9779659859777489,44.311562389084806,45.68843761091519,0,0,1,1
267,36.42240451894738,6.707604941917938,1.3141045614456417,-0.2103474027361938,0.9776267028688085,44.61620069453374,45.383799305466276,0,0,1,1
268,38.953389403403456,7.118909655731805,1.3142746215982242,-0.19868584554227448,0.9800632299913875,58.51589866758367,31.48410133241629,0,0,0,0
269,39.009928803763174,6.877199056385946,1.3020246037008212,-0.20149111607641634,0.9794903420362451,50.0543085019734,39.94569149802659,0,0,0,0
270,37.98594006933844,6.8889096545558255,1.310567232898929,-0.202549248792333,0.9792720775216975,50.48234004246946,39.51765995753054,0,0,0,0
271,36.98500272395498,7.546908249064598,1.3522105031850709,-0.2001915082535051,0.9797567861582724,51.654805136495675,38.34519486350432,0,0,0,0
272,37.00495097058034,7.116219255156506,1.3302144457313334,-0.20387918097478466,0.9789960569711457,47.244301018923906,42.75569898107609,0,0,0,0
273,38.25174926359152,6.970968195307296,1.3125439940854309,-0.20262239133437487,0.9792569461228955,50.78800457335546,39.21199542664454,0,0,0,0
274,35.51292540017086,6.972628366654596,1.3360457661789278,-0.20153616573237504,0.9794810737844263,50.618563723976386,39.38143627602361,0,0,0,0
275,37.71836433233698,6.9959320107720675,1.3181079169828236,-0.20253146131412852,0.9792757564536987,49.74135573638709,40.258644263612915,0,0,0,0
276,36.984434194736025,7.029313376743015,1.3259558217014311,-0.20156977848263227,0.9794741570875989,52.14190178062057,37.85809821937943,0,0,0,0
277,39.93842036182383,7.148399841029779,1.3081189879341681,-0.20092969679511566,0.9796056640025224,50.49473227725833,39.50526772274166,0,0,0,0
278,38.05070706276274,7.05220145859995,1.3182075822410417,-0.19869518185205973,0.9800613372176137,54.178916028315534,35.821083971684466,0,0,0,0
279,40.02953409568742,6.752411295634699,1.2885051241396759,-0.20341998800686556,0.9790915730815409,51.058341183640685,38.94165881635931,0,0,0,0
280,36.1892270773455,7.26379389105275,1.345072664094956,-0.20170338244410788,0.979446652712952,51.4381867589652,38.56181324103482,0,0,0,0
281,37.3498093196618,7.0367808162758845,1.3232341914855068,-0.2117135022733739,0.9773317722018158,41.88811582668303,48.11188417331695,0,0,1,1
282,37.616316005211175,6.940537144063591,1.3161533987655056,-0.20516752196395882,0.9787268709559211,48.064116556910925,41.93588344308906,0,0,0,0
283,37.33041668611479,7.174023285237042,1.3303415440857354,-0.20325286120840463,0.9791262811356853,49.28994499191592,40.71005500808408,0,0,0,0
284,36.363530522682325,6.9142413533254325,1.3253817084246597,-0.20383357854153558,0.9790055527212047,44.75510905040763,45.24489094959234,0,0,1,1
285,36.52392683030382,6.81203441908253,1.3186874200903362,-0.2027553817068302,0.9792294190785515,50.19686036128917,39.803139638710846,0,0,0,0
286,39.44350733287378,6.975304828513263,1.3035287171503522,-0.2002004399270783,0.9797549611270179,54.046057457436795,35.9539425425632,0,0,0,0
287,35.53508135993127,7.156837524962571,1.3455722427794674,-0.19886075767591704,0.9800277542276853,53.88474874252699,36.11525125747302,0,0,0,0
288,37.614871408677644,7.005010460658586,1.3194178179815161,-0.2041965466976303,0.9789299108295562,51.52072237879207,38.4792776212079,0,0,0,0
289,34.7159678888056,7.520952804596242,1.3728690362095823,-0.2024128731267428,0.9793002750906268,49.72299373180336,40.277006268196615,0,0,0,0
290,37.70240699164814,7.001402303204378,1.318514259602578,-0.20423717308250003,0.9789214356276346,49.373705727497864,40.62629427250215,0,0,0,0
291,37.451822077294736,6.973685327938982,1.3191856978890701,-0.20426890677971496,0.97891481433423,50.1180725743664,39.881927425633585,0,0,0,0
292,36.53346754379966,6.997004149975228,1.3281930813865306,-0.2033092277432307,0.9791145785424968,50.776855472494525,39.22314452750548,0,0,0,0
293,36.38818569097518,7.0399865610545636,1.3316935384369435,-0.20087024537774922,0.979617856371495,51.40204157467349,38.59795842532651,0,0,0,0
294,37.19468746776575,7.21192991989222,1.3334296518246003,-0.20923953193822242,0.9778644171224729,44.385711829139204,45.614288170860796,0,0,1,1
295,37.53740073322186,7.038560222410121,1.3217528315587646,-0.20370969327095012,0.9790313380415641,50.44205015687433,39.55794984312566,0,0,0,0
296,38.10878295638805,7.056318349016298,1.3179403307593487,-0.20650474573933653,0.9784455988899599,46.71871371679277,43.28128628320721,0,0,0,0
297,36.08059991823217,6.724896677115394,1.3179185761523564,-0.2045251745825492,0.9788613042520261,51.85180787906708,38.14819212093292,0,0,0,0
298,38.696780369847005,6.7925731122410635,1.300235368109049,-0.20518916965471704,0.9787223327667597,48.45236716776472,41.54763283223527,0,0,0,0
299,37.75070696881914,6.943475886827124,1.3152041794684874,-0.19736865757379252,0.9803293390527078,58.436848869219624,31.563151130780362,0,0,0,0
300,36.96483743254209,6.972229932535287,1.323202602331658,-0.19695656454845104,0.9804122151836296,56.57813194028579,33.42186805971418,0,0,0,0
301,38.40071730165152,7.038599314146134,1.31470961433154,-0.2055949075158805,0.9786371820054338,46.51351541907038,43.48648458092962,0,0,0,0
302,38.353764445877246,6.794462108590508,1.302957626965808,-0.20047885889054054,0.9796980285465245,55.69703632586942,34.302963674130574,0,0,0,0
303,38.019577053776466,7.177988153587626,1.3247249887249883,-0.19928109356520854,0.9799423685847318,54.67603378551533,35.32396621448464,0,0,0,0
304,37.981221615097766,7.34146017081305,1.3331592573247508,-0.20226291693244486,0.9793312577641843,48.80463224682469,41.195367753175304,0,0,0,0
305,37.773089473682774,6.8930579704214825,1.3124841891335342,-0.19850908969284914,0.9800990466831995,54.626982342685395,35.37301765731461,0,0,0,0
306,37.96385330014287,7.101802037063447,1.321391841072548,-0.20129681900235402,0.9795302908330777,49.49878725741897,40.501212742581025,0,0,0,0
307,37.41005250803594,6.780071550300208,1.3096939599061497,-0.20458450071552642,0.9788489066587238,50.1555306201767,39.844469379823295,0,0,0,0
308,38.53335066896649,6.808278968766752,1.3022612225274175,-0.20459127765016394,0.9788474902197346,49.09975973085108,40.9002402691489,0,0,0,0
309,36.14067852155231,7.142007226338175,1.3392043631921355,-0.20039966771580972,0.9797142303648513,52.238602052579566,37.761397947420434,0,0,0,0
310,37.68868365063205,6.822232073899322,1.3095892006215921,-0.19725613252320937,0.9803519868812354,55.61334853564151,34.3866514643585,0,0,0,0
311,38.526751577839384,6.917505584250827,1.3077236460168318,-0.1984214614300857,0.9801167908182927,53.64577457816395,36.35422542183605,0,0,0,0
312,38.71623459355395,7.059891784669808,1.313254607019872,-0.2061026319944417,0.9785303802565171,46.82628287957691,43.17371712042309,0,0,0,0
313,38.76318946696682,7.2188044028583995,1.320661920151689,-0.20463155593381316,0.9788390706934958,50.10696850763327,39.89303149236672,0,0,0,0
314,38.512260429755415,7.104779611960335,1.3170839870298956,-0.20458638417044364,0.9788485130049817,52.38482959039462,37.61517040960538,0,0,0,0
315,37.29878743316179,6.898532288942971,1.3166377053662068,-0.20521581336986036,0.97871674653239,49.50418185316231,40.495818146837685,0,0,0,0
316,36.572588426544655,6.771267521179195,1.3161566241597782,-0.2020031876948958,0.9793848641678616,50.272654431743355,39.727345568256645,0,0,0,0
317,38.467895544813715,7.028080621095643,1.3136543288534948,-0.2067228117998537,0.978399549816721,47.769589925946065,42.23041007405394,0,0,0,0
318,36.71546079733585,7.087407515431307,1.331260356477834,-0.20286980874070715,0.979205719295751,49.09165045101362,40.90834954898635,0,0,0,0
319,35.31882610477766,7.392768996836775,1.3600581788568948,-0.205375052084041,0.9786833440809531,46.031412682057415,43.968587317942585,0,0,0,0
320,36.68464722535517,7.065857303714994,1.3304226063890972,-0.19876252707235514,0.9800476814072933,55.03301311854795,34.966986881452065,0,0,0,0
321,37.09059862144082,6.963469826706247,1.321689134952754,-0.19883260244851927,0.9800334668793453,53.07618438637253,36.92381561362747,0,0,0,0
322,36.42970853673239,7.055653102095117,1.3321374438603442,-0.19736995207122696,0.9803290784320342,55.93836693046033,34.06163306953964,0,0,0,0
323,36.05372984148456,6.8965235383957415,1.3271701629318502,-0.20402865391975702,0.9789649168278156,48.54706910718075,41.45293089281924,0,0,0,0
324,36.26943929473192,6.799816179669386,1.3202267899063707,-0.19636764425185366,0.9805303403214902,58.39996676875766,31.60003323124234,0,0,0,0
325,36.070248934303095,7.436407675029801,1.3550972933454393,-0.20062272825833918,0.9796685770739922,48.292029686667014,41.707970313332986,0,0,0,0
326,37.71896596139806,7.1289424108895565,1.324781199933121,-0.20029644162994648,0.9797353395026543,52.54269119647402,37.457308803525954,0,0,0,0
327,35.63209472785761,6.984878542076871,1.3356035519401062,-0.1987363378221255,0.980052992459617,52.37758247877511,37.62241752122489,0,0,0,0
328,37.44263162091309,7.219782062703572,1.3316847206532747,-0.20516399124887938,0.9787276110822815,47.88735428292433,42.11264571707567,0,0,0,0
329,39.10703436335756,7.07293573885547,1.3108360432635635,-0.20414696749771735,0.9789402513235861,46.311866629379665,43.688133370620335,0,0,0,0
330,38.38791730843538,6.933511903930673,1.3096049010412554,-0.19688164958104684,0.9804272619925692,62.48003020264848,27.51996979735151,0,0,0,0
331,37.2899240221623,6.822515446157247,1.3128356760392892,-0.20522858478924638,0.9787140685539384,49.758240251483144,40.241759748516856,0,0,0,0
332,37.09804352596582,6.869962227376317,1.316845097964104,-0.20286921446194817,0.9792058424170029,50.91445935016626,39.08554064983372,0,0,0,0
333,38.84102529197073,7.159816460472456,1.3171588623842923,-0.20567434869340018,0.9786204894082005,47.95192769517338,42.04807230482662,0,0,0,0
334,37.049403645913806,7.151654585725336,1.3316331514286577,-0.20338558321577307,0.979098720528211,50.937706940180746,39.06229305981923,0,0,0,0
335,39.85899992508243,6.79377889312273,1.2917102212084892,-0.19928478584606277,0.9799416177152029,56.435542747188634,33.56445725281138,0,0,0,0
336,36.03325249209047,7.3565111177809275,1.3513185834568497,-0.20134832874194766,0.9795197039941691,49.38543871887821,40.614561281121794,0,0,0,0
337,38.98174508292272,7.074152752234688,1.3118697242889248,-0.20503781569898957,0.9787540519116062,49.31688235196223,40.68311764803777,0,0,0,0
338,38.76765637936713,7.096732021793483,1.3146551347933964,-0.19672979295834117,0.9804577444044023,58.66576467903835,31.334235320961664,0,0,0,0
339,36.52831450648873,6.983186859228748,1.3275235362171398,-0.2004818211089311,0.9796974223732787,49.42088918505741,40.57911081494258,0,0,0,0
340,36.41755507142021,6.873672714765594,1.3228033271223567,-0.20152283892807743,0.979483815787871,46.81797951545168,43.18202048454833,0,0,0,0
341,37.00254967300356,7.24711958413497,1.3368941494524509,-0.2036168258258497,0.9790506566264104,50.66368628928379,39.3363137107162,0,0,0,0
342,38.138789368826394,7.4684083741898535,1.3380814690968803,-0.2019001001286788,0.9794061208548932,52.38743637864816,37.61256362135182,0,0,0,0
343,37.76292144132815,6.831422105122634,1.3094584578831885,-0.2018388053730847,0.9794187544893992,53.89698985168986,36.10301014831013,0,0,0,0
344,37.84024316099583,7.11361448209693,1.3230034515116642,-0.2035803611905098,0.9790582396045402,50.47036770731291,39.5296322926871,0,0,0,0
345,37.56868546285317,7.245127725987769,1.3318768104546792,-0.20046560526273055,0.9797007405869649,52.811222510085194,37.18877748991479,0,0,0,0
346,36.28102994416558,7.088641183482264,1.3351688878945311,-0.19744640044601133,0.9803136839557598,55.41047819881718,34.589521801182805,0,0,0,0
347,35.56868288017972,6.960873723434839,1.3349130018900617,-0.20520019214656565,0.9787200218361799,46.61830393378463,43.38169606621535,0,0,0,0
348,36.291966871407965,7.50929480221741,1.3567465090413235,-0.19732236504195982,0.98033865794135,50.68006296250764,39.31993703749236,0,0,0,0
349,36.915674762575215,6.6283262649179955,1.305906526106527,-0.20186180924603345,0.9794140135652125,50.126972042786306,39.873027957213694,0,0,0,0
350,36.594602406496065,7.117750672141946,1.3338829650265582,-0.20356674495389318,0.9790610707963404,51.28441554184444,38.715584458155554,0,0,0,0
351,37.54523045806793,7.2540390133989,1.332524630500443,-0.20424141454242348,0.9789205507014909,47.9380721243087,42.06192787569128,0,0,0,0
352,38.337133790452555,7.010365257109671,1.3138190471110198,-0.20318846791085676,0.9791396460709976,51.66950253116252,38.33049746883749,0,0,0,0
353,37.27457156715335,6.90978910155621,1.3174116155495565,-0.2005592943150868,0.9796815653383677,51.53615213121349,38.46384786878649,0,0,0,0
354,36.47029333904708,6.695658974021848,1.3130783737689604,-0.19925871310572738,0.9799469196091436,52.136684349984066,37.86331565001592,0,0,0,0
355,37.75665791688978,7.062834122099817,1.3211528127113006,-0.20108716344069802,0.9795733523832577,52.19880871471207,37.80119128528791,0,0,0,0
356,37.9685375505491,7.096545234061832,1.3210910928343,-0.20195997052104075,0.9793937769391534,49.58798726276856,40.412012737231436,0,0,0,0
357,35.17319653167258,6.7606663723181075,1.3278294601076264,-0.20164376208114496,0.9794589288039406,49.99912972469012,40.000870275309886,0,0,0,0
358,35.60810550723492,7.217279808526725,1.3480629784193572,-0.19712533491122966,0.9803782955248118,56.518313248538945,33.48168675146106,0,0,0,0
359,38.04469295274845,6.957661151296497,1.3135377999574942,-0.20395469236679037,0.9789803284344215,51.240485029892874,38.75951497010712,0,0,0,0
360,37.74362888332304,7.060540450375996,1.3211455565425065,-0.20316321609975876,0.9791448859203641,51.006156343000306,38.993843656999694,0,0,0,0
361,39.64876007715783,7.204394050863482,1.3129993804982998,-0.20119545313497045,0.9795511163986359,54.35646256084455,35.643537439155445,0,0,0,0
362,37.88138989969495,7.025294944964465,1.3182452018187618,-0.20222198736122204,0.9793397101249789,51.54308360783469,38.45691639216534,0,0,0,0
363,38.42894278596547,7.106396794947802,1.3178330925860091,-0.20532758670641804,0.9786933034088454,46.43267791164469,43.56732208835531,0,0,0,0
364,38.65238527382085,6.812873279525965,1.3015774150851225,-0.20069725593868074,0.9796533118704206,52.03809373017884,37.96190626982115,0,0,0,0
365,39.5171136535395,7.091366761442561,1.3085763971074222,-0.20553385946113545,0.9786500051678385,50.36602522204719,39.63397477795281,0,0,0,0
366,37.382157436609475,7.500192554456084,1.346275166875519,-0.20154929913745115,0.9794783713881601,49.78362172523492,40.21637827476506,0,0,0,0
367,35.677517399678486,7.127798629784586,1.3427146982324354,-0.19860222475440562,0.98008017851735,55.78096970944669,34.21903029055331,0,0,0,0
368,36.68354039765399,7.13902235563905,1.3341900980854107,-0.19991143699742708,0.9798139707912026,54.8658760235418,35.13412397645819,0,0,0,0
369,37.34581438838492,7.37259415042986,1.3402061261756235,-0.20468059094116142,0.9788288183804036,47.13373802686984,42.866261973130136,0,0,0,0
370,36.46954378082637,6.943511142085777,1.3259801600538448,-0.2006860249356325,0.9796556126494325,53.577889941021596,36.422110058978404,0,0,0,0
371,37.566955606420834,7.187394404140566,1.328995033377446,-0.1971222056670147,0.9803789247188922,56.29224075819192,33.7077592418081,0,0,0,0
372,37.750630128802484,6.883475981413384,1.3121826265715304,-0.2075873194820065,0.9782164917799512,46.908770651525145,43.091229348474855,0,0,0,0
373,37.53879252956319,7.145554891140884,1.3271310895462745,-0.20138424223228352,0.9795123209947533,50.26957084342771,39.73042915657228,0,0,0,0
374,38.121084858915815,6.869158383092294,1.3085048694650196,-0.20409021932982463,0.9789520837987445,51.71458262852619,38.28541737147381,0,0,0,0
375,36.68185436136437,7.241927319402997,1.3394771289403768,-0.20501263153350524,0.9787593273689439,45.17866710451281,44.82133289548715,0,0,0,0
376,40.4432165579933,7.132525361013126,1.3036152764278688,-0.20500040650324655,0.9787618879653538,46.642813394475,43.357186605524994,0,0,0,0
377,37.799531956455965,7.157103737633117,1.3255168687182985,-0.20001548798135646,0.9797927355148026,53.491036069495735,36.50896393050427,0,0,0,0
378,36.76513310013942,6.878901402020849,1.3201015367759144,-0.20653431043892603,0.9784393586786649,48.30586344126358,41.6941365587364,0,0,0,0
379,36.95643095344852,6.9247531686280785,1.3208406197403608,-0.20497417860638703,0.9787673809974652,47.68071922546225,42.31928077453771,0,0,0,0
380,36.56400643134386,7.569595979857176,1.3572609025910072,-0.20164430775111294,0.9794588164652838,52.09893035654893,37.90106964345106,0,0,0,0
381,37.40808444381858,7.088487816159139,1.3253591692899718,-0.2065286186835338,0.9784405601081098,44.17349768538586,45.82650231461414,0,0,1,1
382,39.182613675233824,6.826176835644405,1.2982306751676083,-0.20264035496286423,0.9792532290171548,53.65565359917846,36.344346400821564,0,0,0,0
383,36.71091517777905,6.826258835197906,1.3178409566450315,-0.20494826629102475,0.9787728072153941,49.35229652123223,40.64770347876777,0,0,0,0
384,37.17269287992136,7.030362086681618,1.3244047227322944,-0.2011681374907198,0.9795567265138426,51.41100444809213,38.58899555190784,0,0,0,0
385,38.10843357103679,6.836116910256178,1.3069516757430975,-0.20010733549860438,0.9797739812220211,51.71539441648237,38.28460558351761,0,0,0,0
386,36.54347557615176,7.057168948772994,1.3312126270958016,-0.20725312880389696,0.9782873507313664,46.008274024429966,43.99172597557002,0,0,0,0
387,37.094942338978946,6.591602938092881,1.302566432476239,-0.2032929537752854,0.9791179576258009,50.53376052672001,39.46623947327998,0,0,0,0
388,38.08709350667766,6.787736721311849,1.3046953715381815,-0.20617727243639872,0.9785146561655002,51.94972976565369,38.0502702343463,0,0,0,0
389,36.44911416568368,6.862106055499195,1.3219300166747316,-0.2002599049858249,0.9797428083201573,47.81556307671579,42.18443692328421,0,0,0,0
390,37.36455288681803,7.02473271471549,1.3224998028139645,-0.1997644404480589,0.9798439510108096,54.54290393292096,35.45709606707903,0,0,0,0
391,36.81374966572485,7.298274076284257,1.341172228079765,-0.20127775792143537,0.979534207756993,50.86208487314327,39.13791512685672,0,0,0,0
392,35.96193876496433,7.03752968538362,1.3353759135309438,-0.19937743952207426,0.9799227707373789,51.19143723257819,38.80856276742181,0,0,0,0
393,38.54602417802827,6.981924471959786,1.3107567569511747,-0.20394028823400576,0.9789833291915807,52.632096534910914,37.36790346508907,0,0,0,0
394,37.21523656623877,7.072500138718252,1.326185097447917,-0.20211480871142581,0.9793618351250695,52.2868289272403,37.71317107275971,0,0,0,0
395,37.05374296565982,6.9996496052745245,1.3238490570270949,-0.20223603977914656,0.9793368083629082,51.10198957854301,38.89801042145699,0,0,0,0
396,35.45885923139665,6.78651792979685,1.3266399122347388,-0.20145292404740706,0.9794981977485969,50.24957334194625,39.75042665805375,0,0,0,0
397,38.28416209962815,6.953353495604853,1.311410495519179,-0.1989800619049078,0.9800035382407143,53.62378434795651,36.376215652043506,0,0,0,0
398,36.739078467253094,6.830746009661867,1.3178353911301488,-0.20601301792693183,0.9785492509039276,47.8774206289672,42.122579371032806,0,0,0,0
399,37.453316334752294,6.783990931968006,1.3095439085400167,-0.204463795841552,0.9788741268365734,49.032774532524954,40.967225467475046,0,0,0,0
