rep,Lambda1,Lambda2,r_gain_algebraic,delta_phi_weak_deg,delta_phi_strong_deg
0,3.13719820516,1.04932799404,1.04613678788,4.55970979703,85.440290203
1,3.01791208377,1.04246349308,1.04206793554,4.72215686639,85.2778431336
2,3.24806530084,0.982258407543,0.984217106571,4.19656350991,85.8034364901
3,3.09943554247,1.0517925428,1.04930948359,4.76984255102,85.230157449
4,3.14481121274,1.01182520076,1.01102646353,4.55971321537,85.4402867846
5,3.04102785758,1.02717802863,1.0266269864,4.43378824007,85.5662117599
6,3.1158063924,1.01741872233,1.01646421136,4.69014380051,85.3098561995
7,3.11472288683,1.02697461285,1.02550710053,4.67644296385,85.3235570361
8,3.32476091304,0.983143366221,0.985498941004,4.57570971483,85.4242902852
9,3.3195805475,0.98535398113,0.987372341946,4.28511425842,85.7148857416
10,3.03760035081,1.03206792866,1.0314683768,5.05551553702,84.944484463
11,3.10646073191,1.02067579866,1.01962895066,4.75035463873,85.2496453613
12,3.11343239978,0.993984059281,0.994306993709,4.66281324646,85.3371867535
13,3.27339522104,1.01697243234,1.01493052,4.62122829744,85.3787717026
14,2.96235472384,0.985011267574,0.984724619015,4.30549192479,85.6945080752
15,3.0443551387,1.01923813568,1.01881907095,4.77717497691,85.2228250231
16,3.05954270697,1.01658630668,1.01610574129,4.42584144966,85.5741585503
17,3.15867291878,1.04656906045,1.04312593829,4.64919232097,85.350807679
18,3.21837658719,1.06587521348,1.05933814468,4.47028485996,85.52971514
19,3.25117281528,0.957978029456,0.96267960151,4.55309206193,85.4469079381
20,3.19583822174,0.954103563513,0.958215141916,4.37688376287,85.6231162371
21,3.36054574488,0.981108615212,0.983995078292,4.10728451545,85.8927154845
22,3.01064787551,1.0633363756,1.06293850975,4.97310034206,85.0268996579
23,3.15397089933,1.00820010187,1.00761382898,4.59872644055,85.4012735595
24,3.053211338,1.02893902031,1.02818343345,5.05401241823,84.9459875818
25,3.33988786276,0.998570726148,0.998778340328,4.21097518209,85.7890248179
26,3.14465279991,0.979358042689,0.98075208699,4.35763200496,85.642367995
27,2.97919226833,1.02347547447,1.02371894093,4.84263529665,85.1573647034
28,3.05678019672,0.948901603575,0.950342893133,4.72707094086,85.2729290591
29,3.26691379176,1.03593337834,1.03169450207,4.60143132587,85.3985686741
30,2.94806851835,1.03591561706,1.03686052411,4.61170023282,85.3882997672
31,3.28963419379,0.981864640442,0.984159721295,4.9576225755,85.0423774245
32,3.24119961278,0.989544329316,0.99066977964,4.60908934958,85.3909106504
33,3.25889960135,0.951890345643,0.957423657249,4.55175681212,85.4482431879
34,3.09275494795,1.00358075969,1.00342204347,4.80217372965,85.1978262703
35,3.05695594627,0.96047173756,0.961580440672,4.46590112645,85.5340988735
36,3.40160973685,1.00694616312,1.00578454101,4.25442560154,85.7455743985
37,3.28702245887,0.936383948277,0.944410805823,4.2868997857,85.7131002143
38,3.15096765642,0.981651381379,0.982940437551,4.5535042713,85.4464957287
39,3.25329434661,1.01540613726,1.01367368371,4.37962611021,85.6203738898
40,3.21498085212,1.0020886358,1.00188591602,4.48791149034,85.5120885097
41,3.07073395329,1.05582028982,1.05387438248,4.95410144437,85.0458985556
42,3.08271186154,0.98044103524,0.981219447286,4.28814467341,85.7118553266
43,3.27573522188,1.01118375701,1.00982846055,4.73452137811,85.2654786219
44,3.08252077967,0.991745949365,0.992073144189,4.71957497611,85.2804250239
45,3.09124268412,1.00812089869,1.0077664599,4.9215853529,85.0784146471
46,3.16010958227,1.00331776503,1.00307184156,4.60072948281,85.3992705172
47,3.42832438748,1.04517534215,1.03719413522,4.87388414125,85.1261158588
48,3.19721420192,0.947415588715,0.95216277915,4.71906159179,85.2809384082
49,3.10751325574,1.01802240636,1.01710175579,4.48723470639,85.5127652936
50,3.38447359198,1.02986141329,1.02504261812,4.21180623658,85.7881937634
51,3.13640302764,0.996130311035,0.996377391139,4.63911924613,85.3608807539
52,3.24573472459,0.987260473895,0.988654834414,4.45485685297,85.545143147
53,2.99039810294,1.00112070895,1.00112611502,5.35842705288,84.6415729471
54,3.10299594132,1.00648242735,1.00616488661,4.74708860795,85.252911392
55,3.25148508002,1.02311779479,1.02053343191,4.71064093598,85.289359064
56,3.4000066174,1.01888196617,1.01573395454,4.49251545626,85.5074845437
57,3.06765810302,0.985962755298,0.986422709117,4.19142394187,85.8085760581
58,3.04099464471,1.01934011337,1.01894995364,4.62225929842,85.3777407016
59,3.13059628124,1.0049912013,1.00468523666,4.42034495314,85.5796550469
60,3.04806347302,1.00477892461,1.00466674852,4.8225882353,85.1774117647
61,3.09654647599,1.01361062691,1.01298330705,4.42701125747,85.5729887425
62,3.09066162191,1.04892160149,1.04677450238,4.57862851857,85.4213714814
63,3.06406427314,0.987590805497,0.987976395737,4.55706009681,85.4429399032
64,3.18349096596,1.01503905817,1.01377458849,5.127458605,84.872541395
65,3.19517403006,1.03636667435,1.03312420393,4.35634416522,85.6436558348
66,3.01844590437,0.949481659175,0.949974666202,4.99359623011,85.0064037699
67,3.41584387889,1.02093811918,1.01733269825,4.44253030539,85.5574696946
68,2.98765954678,0.982543710448,0.982436687117,5.02718512758,84.9728148724
69,3.19105923664,1.06819069051,1.06218426609,4.85375491606,85.1462450839
70,3.20173974312,1.02064461478,1.0187513533,4.8652887305,85.1347112695
71,3.10516056946,0.984304869792,0.985089728482,4.70119620187,85.2988037981
72,3.16674861923,0.96383181687,0.96662454714,4.3271624054,85.6728375946
73,3.26215001484,1.04318929032,1.03817037142,4.21244171889,85.7875582811
74,3.22178457129,0.969674507946,0.972706765658,4.52492675597,85.475073244
75,3.11390102076,1.00879239144,1.0083184967,4.75834328632,85.2416567137
76,3.04581747471,0.977086779608,0.9776027463,4.34177707592,85.6582229241
77,3.18587948691,1.02595203852,1.02374182203,4.63975524978,85.3602447502
78,3.19869081304,0.968254850676,0.971129607796,4.91557636453,85.0844236355
79,3.30986971568,1.06102413453,1.05280087586,4.53886346083,85.4611365392
80,3.17680832092,1.00736539252,1.00676707097,5.26972405818,84.7302759418
81,3.2479136152,1.05120497782,1.04553415409,4.93362539808,85.0663746019
82,3.08682480384,1.01981187845,1.01898587068,4.90567816262,85.0943218374
83,3.06336225738,0.972714442221,0.973556958215,4.9377711264,85.0622288736
84,3.01045642271,1.04060051293,1.04037288381,5.09532181194,84.9046781881
85,3.21096698697,1.00537426185,1.00486142953,4.77251235749,85.2274876425
86,3.01343189432,0.983311149464,0.983423622047,4.27297123463,85.7270287654
87,3.19623012091,0.994631039531,0.995110777935,4.52236382489,85.4776361751
88,3.29551726086,0.972785641234,0.976292459436,4.99661698627,85.0033830137
89,3.29008215885,1.00654393375,1.00571497428,4.6780812363,85.3219187637
90,3.17236794466,1.0338611946,1.03116688378,4.62227032981,85.3777296702
91,3.25780036532,0.995404216638,0.995928989656,4.3082226494,85.6917773506
92,3.09949171336,0.997581162184,0.997695790281,4.69309085086,85.3069091491
93,3.25363807868,0.95983210301,0.964364162209,4.67508627585,85.3249137242
94,3.05924182713,1.0363830594,1.03532533669,4.3434471462,85.6565528538
95,3.11702664764,0.946086658569,0.949099933205,4.68374125038,85.3162587496
96,3.45072266775,1.0315400255,1.02573510487,3.97616783333,86.0238321667
97,3.28468245715,1.02052687827,1.01796767981,4.69411914505,85.3058808549
98,3.18295260941,0.984561205033,0.985855833333,4.89229138577,85.1077086142
99,3.011340819,1.06200343627,1.06159529985,5.10238628553,84.8976137145
100,2.97632630293,0.991775939757,0.991677570831,4.65721043592,85.3427895641
101,3.00594676737,0.990434031477,0.990462607344,4.30704696439,85.6929530356
102,2.99356240845,0.964633510438,0.964530468297,4.63130192261,85.3686980774
103,3.30878287407,1.05684650015,1.04921386009,4.14231280157,85.8576871984
104,3.15381182931,1.00268811968,1.00249614702,5.12687604954,84.8731239505
105,3.05301250022,1.00577613788,1.005626943,4.34005955687,85.6599404431
106,3.13235930153,1.06457710587,1.06051319188,4.42648057801,85.573519422
107,2.95058503261,0.952917656001,0.951753009474,4.68017409326,85.3198259067
108,2.97846022989,1.01878751544,1.01899034527,5.00345207412,84.9965479259
109,3.09178136075,0.974669362445,0.97578434914,4.37707549531,85.6229245047
110,3.12405694504,0.951962830611,0.954791595999,4.45201795125,85.5479820488
111,3.26458305497,1.03904534038,1.03447322141,4.56003691497,85.439963085
112,3.2537727939,0.993673674848,0.994386057616,4.25938457476,85.7406154252
113,3.32534710338,1.01220137784,1.01049395326,4.97694327282,85.0230567272
114,3.12282199554,1.00158371019,1.00149207923,4.42187544704,85.578124553
115,2.93670445995,0.958322184415,0.95697998945,4.75175425249,85.2482457475
116,2.93476422472,0.982848843271,0.982271939061,4.49522956931,85.5047704307
117,3.09686300689,1.02830239228,1.02699006748,4.76350972612,85.2364902739
118,3.12860487752,1.02483108519,1.02332767987,4.58949774367,85.4105022563
119,3.14247306331,0.986836752149,0.987712563386,4.41427955013,85.5857204499
120,3.07523705023,1.02012659237,1.01939508495,4.58847965472,85.4115203453
121,3.07274298482,1.0462491631,1.0446038402,4.6535660687,85.3464339313
122,3.31447074672,1.05815577531,1.05022235073,4.00436753003,85.99563247
123,3.09953267273,0.986865945563,0.987489082078,4.9551918939,85.0448081061
124,2.99737283462,1.07009550282,1.07010136485,5.38737347878,84.6126265212
125,3.29804839201,1.02751613752,1.02394396324,4.42531674764,85.5746832524
126,3.11147306204,1.03027219851,1.02866811601,4.80094932284,85.1990506772
127,3.18518404017,0.990061357608,0.990903798836,4.42544338272,85.5745566173
128,3.12234598489,1.01589814269,1.01498082854,4.80696941702,85.193030583
129,3.26312470734,1.06152981,1.054335814,4.47663175444,85.5233682456
130,2.95684658426,0.975645736921,0.97511251877,4.70111810808,85.2988818919
131,3.06629815033,1.00728208406,1.00704834742,4.99724913785,85.0027508622
132,3.14115360306,0.97188740525,0.973745228479,4.24628093176,85.7537190682
133,3.0324530212,0.98759665097,0.987795154931,4.64286367012,85.3571363299
134,3.19248962187,0.973506741764,0.975836245572,4.63031100205,85.369688998
135,3.21624841223,1.02137536637,1.01928789032,4.4032093172,85.5967906828
136,3.37130687791,1.02065280511,1.01741760108,5.01753602218,84.9824639778
137,3.14325591719,1.07254436027,1.06761800396,4.57488241843,85.4251175816
138,3.19186091427,1.04560827652,1.04159802074,5.04416009316,84.9558399068
139,3.16088018614,1.03883154904,1.03592888997,4.73093052529,85.2690694747
140,2.92303105163,0.984267399804,0.983638800578,4.73166406499,85.268335935
141,3.48803017964,1.00330174282,1.00265409724,4.72546789001,85.27453211
142,3.19279869499,0.982610808249,0.984140725454,4.6833192396,85.3166807604
143,3.29808731941,0.972126836563,0.975745861866,4.26323926279,85.7367607372
144,2.95230736984,1.02246365396,1.02300936899,4.69654759351,85.3034524065
145,3.32901129555,1.05656666805,1.04854705444,4.4820838027,85.5179161973
146,3.02511801859,1.05644826107,1.0557048393,4.39227670363,85.6077232964
147,3.02422941547,1.03766355099,1.03719985117,4.63605674413,85.3639432559
148,2.93823123378,1.02429150908,1.02506170961,5.22565218021,84.7743478198
149,3.08583210504,1.03799203604,1.03641658005,4.78954433549,85.2104556645
150,3.34118802009,1.03256950188,1.02781767173,4.83366411776,85.1663358822
151,3.06691128266,1.02740882746,1.02651686964,4.60563683536,85.3943631646
152,3.03175760619,1.01104927304,1.01087624453,4.54404489313,85.4559551069
153,3.26980260444,1.03408295286,1.030024875,4.05036202169,85.9496379783
154,3.17605520604,0.9706419396,0.973022083641,4.49160919994,85.5083908001
155,3.16136357667,0.975626799124,0.977449326803,4.26268155208,85.7373184479
156,3.1452103818,1.05857828903,1.05457240307,5.12214531472,84.8778546853
157,3.07878059268,1.05031921434,1.04838389191,4.80089908456,85.1991009154
158,3.16010379417,0.957528781215,0.960691882779,4.75840552539,85.2415944746
159,3.15691177897,1.0008787964,1.00081486527,4.83168712959,85.1683128704
160,3.00423023304,1.00383664538,1.00382853352,4.61496691822,85.3850330818
161,3.16117588343,1.04274321314,1.03954004909,4.93004564065,85.0699543593
162,2.95293088569,1.02224188288,1.02277499777,4.65958448807,85.3404155119
163,3.26405240049,1.03603029158,1.03182008414,5.30451351833,84.6954864817
164,3.15810740859,1.01696606314,1.0157221226,4.73072508235,85.2692749176
165,3.04204151404,1.01127995736,1.01104738871,4.43822116249,85.5617788375
166,3.1633276852,0.963379360939,0.966153857773,4.42359726965,85.5764027304
167,3.10713970116,0.977597739858,0.978739209109,4.71583077038,85.2841692296
168,2.98867725726,1.01205091736,1.0121190855,4.64449498604,85.355505014
169,3.03235076343,0.948186921127,0.949044795171,4.29742815227,85.7025718477
170,2.82700965177,0.956406810655,0.952306343869,4.81886643354,85.1811335665
171,3.21489028657,1.00081685006,1.00073759857,4.70616543582,85.2938345642
172,3.33953759005,1.02977580809,1.02545031621,4.93711131014,85.0628886899
173,3.05076221652,1.03884287943,1.03786782224,4.87234199474,85.1276580053
174,3.1615962896,1.03431385406,1.03174062569,4.7056624217,85.2943375783
175,3.27298499573,0.967128300952,0.971082232802,4.48703083008,85.5129691699
176,3.15059721249,0.987708338978,0.988569445326,4.16635673401,85.833643266
177,3.02273060939,0.951056491381,0.951634815254,4.74354200029,85.2564579997
178,3.10993138698,1.00988342519,1.00936827462,4.63444856454,85.3655514355
179,3.13613578153,0.996768138124,0.996974111378,5.00561636498,84.994383635
180,3.16435802305,1.05435681708,1.05019738245,4.69907066366,85.3009293363
181,3.08446541778,1.01423651319,1.01365899287,4.69053402361,85.3094659764
182,3.18760355268,0.990644918791,0.991447344179,4.42489530535,85.5751046946
183,3.13162184419,1.02123744105,1.01992410919,4.59471814755,85.4052818524
184,3.10215329966,0.987070381458,0.987699156453,4.25302619894,85.7469738011
185,3.31489760808,1.03001579491,1.02592836003,4.12908410986,85.8709158901
186,3.33500314274,0.998103969093,0.998375993915,4.50421285307,85.4957871469
187,3.07734260874,0.953767952404,0.955511276843,4.01078891738,85.9892110826
188,3.01898667067,0.991903767617,0.991980034032,4.31821255629,85.6817874437
189,3.1025435633,1.01457196859,1.01386061049,4.40326730789,85.5967326921
190,3.26826829214,1.00693326507,1.00611321008,4.1450903176,85.8549096824
191,3.08979888631,1.00936765762,1.00896494822,5.08459179188,84.9154082081
192,3.17498364849,0.996204435839,0.996509810448,4.83335906554,85.1666409345
193,3.05405920636,1.00070586201,1.00068728488,4.6359496655,85.3640503345
194,3.10034694745,1.03725616846,1.03546504534,4.49643327344,85.5035667266
195,3.05247537545,1.04832251557,1.0470609742,4.76679275352,85.2332072465
196,3.10401301519,0.978633446116,0.979691807523,4.27840079383,85.7215992062
197,3.33938678953,0.992720295781,0.993776459917,4.70561083506,85.2943891649
198,3.06147745624,1.00745902624,1.00723648815,4.34831576824,85.6516842318
199,2.96495278518,1.06777427787,1.06890114138,4.68449380783,85.3155061922
200,3.01176586782,1.0524797007,1.05213729233,4.85801210801,85.141987892
201,3.10034990386,1.04868336375,1.04633249201,4.43755196059,85.5624480394
202,3.05847885986,0.987648340008,0.987999667587,4.62697556762,85.3730244324
203,3.06918180336,0.998183511331,0.99824424585,4.76343810367,85.2365618963
204,3.30404111882,0.990202670857,0.991495679555,5.1599796017,84.8400203983
205,3.00450954339,1.06558784862,1.06537030971,4.6479135361,85.3520864639
206,3.03983507802,0.989263058821,0.989473027671,4.55278207336,85.4472179266
207,3.03477217808,1.04384681467,1.0430775144,4.89065266687,85.1093473331
208,3.07592775409,1.02655898869,1.02558339725,4.73329545705,85.2667045429
209,3.26948038584,1.00951112177,1.00838161438,4.85585114933,85.1441488507
210,3.19997882652,1.02717277252,1.02469899023,4.43922674648,85.5607732535
211,3.30212444247,0.992946771996,0.993872475643,4.74751377839,85.2524862216
212,3.07606919694,0.973522100727,0.974496425175,5.04315049685,84.9568495032
213,3.02452030461,1.02968812017,1.02932224223,4.87408979856,85.1259102014
214,3.16971852947,1.02100863166,1.01936349062,4.74938091703,85.250619083
215,3.21633005795,1.0265627394,1.02396657878,4.40413622959,85.5958637704
216,3.03038134192,0.982456760675,0.982720556623,4.54292997938,85.4570700206
217,3.126751555,0.96028668907,0.962666567183,4.92516402066,85.0748359793
218,3.25693992472,1.02430339367,1.02153409189,4.89172142676,85.1082785732
219,2.81350117848,0.965709161743,0.962196239169,4.57010840157,85.4298915984
220,3.05423717627,0.988033285534,0.988349633112,4.83565019316,85.1643498068
221,3.12723301479,1.0528697764,1.04967686943,4.67571618999,85.32428381
222,3.16786323021,0.984474985225,0.98567786161,4.6457463243,85.3542536757
223,3.16228361303,1.06414829745,1.05928166695,4.99371722573,85.0062827743
224,3.0643699498,1.06780947659,1.06562427599,5.12771728279,84.8722827172
225,3.16750047434,1.02711769314,1.02501817139,4.9351649505,85.0648350495
226,3.17957979742,1.00677787156,1.00621936946,4.89611823696,85.103881763
227,3.19698165071,0.946486403467,0.951313325128,4.84910332545,85.1508966745
228,3.11660930611,0.926349912035,0.930491639095,4.75602908962,85.2439709104
229,2.89800719699,1.01956861789,1.02061798084,4.24621972538,85.7537802746
230,2.97000582207,1.01784533945,1.01811555584,4.69801974048,85.3019802595
231,3.37335596493,1.05934967364,1.04998203762,4.55056071194,85.4494392881
232,2.94440772903,1.05859986279,1.06022058572,4.62994678502,85.370053215
233,3.27148348013,1.00138371296,1.00121833371,4.66386895547,85.3361310445
234,2.98369111312,1.06613127582,1.06660095361,5.21948755341,84.7805124466
235,3.18486020883,1.04255638028,1.03894092712,4.96396115314,85.0360388469
236,3.22681499875,0.989252956256,0.990347834522,4.70255702506,85.2974429749
237,3.17911804789,0.966848742061,0.969580732703,4.44618615344,85.5538138466
238,3.34198514802,1.01974349996,1.01685928447,4.59760433173,85.4023956683
239,3.16150424479,1.00979677946,1.00906459309,4.46486921773,85.5351307823
240,3.18477677639,1.04918673564,1.04500397328,4.88328678115,85.1167132189
241,3.02573201472,1.03058121706,1.03018587745,4.83902771591,85.1609722841
242,3.00100205034,0.971920482679,0.971940069669,4.4236660411,85.5763339589
243,3.09249260401,0.981637192364,0.982450218864,4.99169129181,85.0083087082
244,3.22257205896,1.04015286069,1.03612009769,4.22983157144,85.7701684286
245,3.11629015771,0.965776091691,0.967665151956,4.95471614345,85.0452838566
246,3.10957390993,1.00625742912,1.00593235822,4.82496198246,85.1750380175
247,3.2285010236,1.01797663501,1.0161323375,4.74209538537,85.2579046146
248,3.16391822917,0.991560862209,0.992200251078,4.02244579577,85.9775542042
249,2.94640140234,0.99083563596,0.990583483066,4.70316691675,85.2968330832
250,3.11724193401,1.00640937315,1.00605439965,4.41801055925,85.5819894407
251,3.10641014898,1.02955765808,1.02805896015,4.63574450392,85.3642554961
252,3.10844433917,0.976400199809,0.977616820641,4.04055932476,85.9594406752
253,3.17257400196,0.955817759197,0.959344099689,4.60553815726,85.3944618427
254,3.0226242524,0.9968781027,0.996913030328,4.82949571922,85.1705042808
255,3.19728205274,1.04234633649,1.03852997769,4.49799895917,85.5020010408
256,3.21796391954,0.995050433937,0.995536860297,4.38270192186,85.6172980781
257,3.32501158708,0.95914022617,0.964862834591,4.58131064634,85.4186893537
258,3.04970862539,0.992828726569,0.993002726766,4.82721021768,85.1727897823
259,2.99797941694,0.950826993153,0.950807060959,4.72171475457,85.2782852454
260,3.3133267568,1.01083251613,1.00936510899,4.31071727958,85.6892827204
261,3.28288267573,1.05038450414,1.04411963334,4.87479258681,85.1252074132
262,2.99760372039,1.03633204559,1.03636359972,4.67835702715,85.3216429729
263,3.10718253743,0.964014556109,0.96585492575,4.2736699672,85.7263300328
264,3.06175711578,1.06838005079,1.06625893651,5.06162609876,84.9383739012
265,3.12592871379,0.985637633308,0.986489000203,4.60910374333,85.3908962567
266,3.14034713744,1.00919001056,1.0085872436,4.81300457302,85.186995427
267,3.1284023036,0.977366156522,0.978734016444,4.85843443565,85.1415655644
268,3.13781167813,0.985053777301,0.986017952537,4.59373696275,85.4062630373
269,3.13425648135,1.03058954444,1.02865940635,4.64665440166,85.3533455983
270,3.32987399014,0.989419355589,0.990917597903,4.4563589059,85.5436410941
271,3.15983858814,1.0107449832,1.0099495558,4.37177729207,85.6282227079
272,3.14060914217,0.94195408655,0.945806768628,4.22559180977,85.7744081902
273,3.18319221816,1.00385842889,1.0035346561,4.58982170101,85.410178299
274,3.27429278661,1.0119943506,1.01054746959,4.10941066308,85.8905893369
275,3.17551027427,0.989166094256,0.990040371494,4.97433066403,85.025669336
276,3.11417111405,1.05124301019,1.04844728373,4.15206568689,85.8479343131
277,3.21030434594,1.05440049041,1.04919463399,5.06810028637,84.9318997136
278,3.16276599124,1.04171678535,1.03856290557,4.53208789353,85.4679121065
279,2.92499105926,1.00823284205,1.00855348541,5.02248289268,84.9775171073
280,3.20460478691,0.973226832423,0.975715176011,4.74319150319,85.2568084968
281,3.23175166172,0.963293553562,0.967114155153,4.43285746543,85.5671425346
282,3.17930804778,0.979818207025,0.981480303013,4.73454401501,85.265455985
283,3.13380045741,0.995372595808,0.99566277867,4.24798017181,85.7520198282
284,2.9389635439,0.990072122849,0.989759872571,4.55246182124,85.4475381788
285,3.04936805233,1.01505899906,1.01469544329,4.92951802299,85.070481977
286,3.03919682201,1.04894485405,1.04797641185,5.00753397746,84.9924660225
287,3.1666709594,0.996417336921,0.996692941983,4.49284407531,85.5071559247
288,3.15721687721,0.997563607687,0.99774117361,4.88195379743,85.1180462026
289,3.20124610566,0.968384598633,0.971280920421,5.22048961237,84.7795103876
290,3.07278350508,1.00920396879,1.00888060649,4.76175449869,85.2382455013
291,3.05643574857,1.02964145241,1.02882199972,5.3001523297,84.6998476703
292,3.16467543809,0.949657709661,0.953512590088,4.93251407199,85.067485928
293,3.21034199026,1.01994092316,1.01804182374,4.41672550399,85.583274496
294,2.95412021061,0.965871403822,0.965080767171,4.77385414608,85.2261458539
295,3.06063285027,0.945506379917,0.947146783581,4.18100584425,85.8189941558
296,2.98872388333,1.02419023726,1.0243237977,4.67766580301,85.322334197
297,3.28736023342,1.04830625152,1.04221872506,4.66204323054,85.3379567695
298,3.24274863648,1.04055245321,1.03615135331,4.27904808967,85.7209519103
299,3.19485896346,1.03922960182,1.03573539279,4.12397433404,85.876025666
300,3.14375118134,1.05772590418,1.05381601975,4.969745207,85.030254793
301,3.08948716833,0.944396969454,0.946815960713,4.73787079098,85.262129209
302,3.04365945801,1.04324159208,1.04229886868,5.38469648245,84.6153035175
303,3.29298489114,1.00524668718,1.00457627063,4.4356024877,85.5643975123
304,3.23803850032,0.960493007435,0.964705981975,4.94604178108,85.0539582189
305,3.26455731038,1.02059693092,1.0181891861,4.47988045542,85.5201195446
306,3.13145027342,1.02912602213,1.02732466699,4.82042446809,85.1795755319
307,3.20182691634,0.971009255094,0.973671209407,4.57041610315,85.4295838968
308,3.24679633874,0.994520898965,0.995122772494,4.94027669669,85.0597233033
309,3.19081460342,0.994064790509,0.994581772532,4.67313346571,85.3268665343
310,3.20273767712,0.991618852259,0.992390354517,4.74907200719,85.2509279928
311,3.09417163199,0.984764501421,0.985450388117,4.69308412047,85.3069158795
312,3.19404753919,1.07899446794,1.07191475988,4.70792012796,85.292079872
313,3.38870183445,1.03527895756,1.0295317427,4.97548702337,85.0245129766
314,3.09692112927,1.04502943112,1.04292834421,4.4439828566,85.5560171434
315,3.18866120379,1.02446376391,1.02235221042,4.54515236455,85.4548476355
316,3.04425574276,1.00625294227,1.00611751616,4.42446755195,85.575532448
317,3.1372134367,1.03442047732,1.03220226022,4.49350169639,85.5064983036
318,2.96494662313,1.00552224483,1.00562071371,4.95933129626,85.0406687037
319,2.96138336419,0.998086440786,0.998048767592,4.88329255602,85.116707444
320,3.11165665946,0.998637779971,0.998709809707,4.09160719858,85.9083928014
321,3.06563035807,1.01594301353,1.01543554371,4.94871107758,85.0512889224
322,3.17659257022,0.999194320318,0.99925968729,4.80811265383,85.1918873462
323,2.99168767337,1.01145935132,1.01150679611,4.92152795715,85.0784720429
324,3.1509648405,1.0375618199,1.03491490726,4.77539472338,85.2246052766
325,3.07288310055,1.01221786488,1.01178787211,4.54030475026,85.4596952497
326,3.08985858008,0.982698871935,0.983443910922,4.45578568327,85.5442143167
327,3.08920479751,0.948360130588,0.95059523205,4.68148417723,85.3185158228
328,3.40017011537,0.987413841135,0.989512566048,4.53779220462,85.4622077954
329,3.14031735135,1.00483961624,1.00452231207,4.41251911214,85.5874808879
330,3.14904263607,1.02443799203,1.02274020244,4.51512003876,85.4848799612
331,2.95252641083,1.03395305665,1.03476807544,5.18701129733,84.8129887027
332,3.10320008303,1.00048796278,1.00046401934,4.79431787863,85.2056821214
333,3.27659493287,1.0369760096,1.032475042,4.93337586087,85.0666241391
334,3.21229591118,0.978054459939,0.980162345673,4.35520710992,85.6447928901
335,3.14823216365,1.05023846544,1.04674634869,4.73158034282,85.2684196572
336,3.2956188402,0.946319969482,0.953258185939,4.23192382726,85.7680761727
337,3.16965143913,1.02905964466,1.02678258086,4.36571379842,85.6342862016
338,3.01376981205,0.935336775862,0.935845081145,4.50273717148,85.4972628285
339,3.06866276096,1.04877506813,1.04712993227,4.60109401089,85.3989059891
340,3.32968289561,1.037087372,1.03183092033,4.77058051402,85.229419486
341,3.11657366949,1.00665667906,1.00628998963,4.56043310617,85.4395668938
342,2.98710595918,1.03862876833,1.03886473769,4.50044746167,85.4995525383
343,3.10930690348,0.986771081077,0.987457113449,5.00989499141,84.9901050086
344,3.13408616704,1.03886857289,1.03641435312,4.44918646497,85.550813535
345,3.18071000277,0.977574332494,0.979434866502,4.68614568101,85.313854319
346,3.17436848347,1.02791603068,1.02567313701,4.48679135907,85.5132086409
347,3.1579753335,0.942474865858,0.946723871041,4.35408607928,85.6459139207
348,3.3875365856,1.01956482076,1.01638802703,4.5219382308,85.4780617692
349,3.32667530141,0.986804374693,0.988657462543,4.28140901632,85.7185909837
350,3.11457239159,0.987306078866,0.987994297332,4.86717733604,85.132822664
351,3.35055603618,1.00250065176,1.00212770842,4.45197287254,85.5480271275
352,3.16629631774,0.987579903071,0.988533712052,5.08577942071,84.9142205793
353,3.11056755801,0.924567039157,0.928609983496,4.36382938481,85.6361706152
354,3.08191496118,0.996196419137,0.996346086907,4.38841679165,85.6115832083
355,3.0649786854,0.976017219617,0.976775018512,4.80084852485,85.1991514751
356,3.14222018049,0.962397042356,0.964904284404,4.50247464809,85.4975253519
357,3.20296092738,1.01682703061,1.01527584869,4.51948913106,85.4805108689
358,3.1886145146,0.991214510006,0.991971771756,4.44754161564,85.5524583844
359,3.1288161759,0.993582619081,0.993970994138,4.39212488178,85.6078751182
360,3.28468628749,1.02742009816,1.02399992443,4.13361387599,85.866386124
361,2.930279507,1.00238595076,1.00247212604,4.93443059905,85.0655694009
362,3.34941102568,0.962141901195,0.967780630266,4.47695175866,85.5230482413
363,3.11680817144,0.996894887921,0.997066238274,4.32362717697,85.676372823
364,3.12952519812,1.07782278987,1.07299185305,4.94641519147,85.0535848085
365,3.12678383435,1.03313180195,1.03114915843,4.47522383106,85.5247761689
366,3.02157270324,0.998486947955,0.998503094947,4.83250290406,85.1674970959
367,3.17528059305,0.958057652935,0.961451630591,4.57054485316,85.4294551468
368,3.04562791554,0.967566946934,0.968298338124,4.60123115927,85.3987688407
369,3.08901596799,1.02346480018,1.02246209737,4.50449390175,85.4955060982
370,3.1608922135,0.98022066469,0.981694896073,4.63541477393,85.3645852261
371,3.239011611,1.03266658809,1.02917326198,4.79234545879,85.2076545412
372,3.10409589272,1.03000080027,1.02851077509,4.68024992912,85.3197500709
373,3.09837947218,1.08448799698,1.0803965655,4.22323989256,85.7767601074
374,3.06404948797,1.02831418821,1.02743040928,4.14576278357,85.8542372164
375,3.12386972312,0.973913968443,0.975439080228,4.97777434897,85.022225651
376,3.17800589062,1.01948039792,1.01788685672,4.54746145487,85.4525385451
377,3.07764698192,1.0457273188,1.04399705957,4.82155383162,85.1784461684
378,3.12714290635,1.00604173686,1.00568056627,4.78155523831,85.2184447617
379,2.97252712789,0.991278064882,0.991156760816,4.57932120701,85.420678793
380,3.15895011707,1.00131583589,1.00121895859,5.23555224027,84.7644477597
381,3.10536446912,1.02078584292,1.0197436761,4.50769245252,85.4923075475
382,3.08900358943,1.06793261856,1.06496959257,4.8815855009,85.1184144991
383,3.16092808041,1.00135524368,1.00125431583,4.61464001999,85.38535998
384,3.1048595778,0.937274225244,0.940451971104,4.60654689654,85.3934531035
385,3.3324642124,1.05392988856,1.0462181351,4.64118610563,85.3588138944
386,3.05130197416,1.0422047427,1.04113181277,4.5160125674,85.4839874326
387,3.09039324794,0.95023163366,0.952410703297,4.4200809678,85.5799190322
388,3.23449248513,0.966976756725,0.970448741885,4.83642512892,85.1635748711
389,3.23680496491,0.951093017361,0.956291573079,4.10677132639,85.8932286736
390,3.08229213219,0.994536623246,0.99475257188,5.18444603798,84.815553962
391,3.22556659478,1.01686936129,1.01515873951,4.31488257907,85.6851174209
392,3.1251036883,1.0468968011,1.04411452851,4.82390131714,85.1760986829
393,3.09309380382,1.06003445514,1.05731717069,4.75537741051,85.2446225895
394,2.99774006469,1.01295221893,1.01296632604,4.95675655371,85.0432434463
395,3.09991187897,0.987158527842,0.987769970652,4.65080488418,85.3491951158
396,3.32768583158,0.995038449766,0.995736943858,4.34067545039,85.6593245496
397,3.19397384752,1.052671452,1.04798700063,4.90126312277,85.0987368772
398,3.19641862157,0.983754367657,0.985207971302,4.43875109426,85.5612489057
399,3.2832931276,0.981694070793,0.983966357715,4.09611474005,85.9038852599
400,3.21737680727,0.995259034556,0.99572382668,4.96812066673,85.0318793333
401,3.17159290286,1.04987618682,1.0459108984,4.39663684072,85.6033631593
402,3.18043566832,1.01358338382,1.01245884653,4.69847179502,85.301528205
403,3.20133780649,1.00331430099,1.003011163,5.16661975758,84.8333802424
404,3.0638063672,1.01657804457,1.01606446729,4.51805745352,85.4819425465
405,3.10112419735,0.991909911071,0.992299390009,4.58996308753,85.4100369125
406,3.18115619259,1.05978978421,1.05478277176,5.04829548984,84.9517045102
407,3.28028246401,0.974205818953,0.977379222694,4.72715598069,85.2728440193
408,2.92987692078,0.994815183953,0.994626829754,5.55507148028,84.4449285197
409,3.24752782825,0.979714769643,0.981950320898,4.71386733632,85.2861326637
410,3.14130980375,1.06916666821,1.06453487252,4.41353967419,85.5864603258
411,3.17197201027,1.06175766097,1.05682188419,4.40219697779,85.5978030222
412,3.08384253602,0.909430645591,0.913238558482,4.81631446024,85.1836855398
413,3.06152022599,1.04210181255,1.04082837435,4.34224937222,85.6577506278
414,3.20572420556,1.00582431847,1.00528105721,4.70482866834,85.2951713317
415,3.07773186264,1.07143120534,1.06867765625,4.87652462006,85.1234753799
416,3.19250555586,1.0184792305,1.01685552662,4.63139083084,85.3686091692
417,3.29553230483,0.933078814014,0.941743918137,4.02893326556,85.9710667344
418,3.22128204305,0.960688283649,0.96461556291,4.35193065394,85.6480693461
419,3.09452927011,0.98870571359,0.989215755367,4.73434704274,85.2656529573
420,3.25607978557,1.02634618086,1.02335253268,4.486780095,85.513219905
421,3.0855476294,0.976304186122,0.977279104085,4.97376588807,85.0262341119
422,3.08328197652,1.02106992255,1.02022555543,5.06474743101,84.935252569
423,3.41657314596,1.02103560078,1.01740812772,4.69379153706,85.3062084629
424,3.15692342599,1.07646646289,1.07081427013,4.55265833112,85.4473416689
425,2.97420895021,0.967685604482,0.967272217922,4.99280087178,85.0071991282
426,3.11545613305,0.935868834296,0.939424618377,4.81186909864,85.1881309014
427,3.14245779884,1.00480712483,1.00448746354,4.70656173617,85.2934382638
428,3.27801102297,1.01262948924,1.01108783138,4.4583879895,85.5416120105
429,3.1554811364,0.974529907634,0.976370438977,4.38130648202,85.618693518
430,3.20163962109,0.996733999867,0.997033126662,4.6765602907,85.3234397093
431,3.14143802309,1.00800922965,1.0074801302,5.10696889788,84.8930311021
432,3.06201474874,1.01270133216,1.01231887432,5.01446937963,84.9855306204
433,3.01289081161,0.946904727903,0.947281437318,4.63613570575,85.3638642942
434,2.97261605565,0.944243307349,0.943514418489,4.30643986836,85.6935601316
435,3.40116185526,1.02843631362,1.02368214031,4.74936899828,85.2506310017
436,3.26078839403,1.05316134457,1.04700304224,4.67611381191,85.3238861881
437,3.20485510107,0.96875653163,0.971665080392,4.24168404784,85.7583159522
438,3.30662678361,1.02187713006,1.01896723166,4.30462166249,85.6953783375
439,3.03089536008,0.995596202121,0.995663216077,4.3406283978,85.6593716022
440,3.11349219695,0.975218539256,0.976552499989,4.58769896433,85.4123010357
441,3.20225645286,1.01164176444,1.0105722829,4.14889723591,85.8511027641
442,2.97893556836,0.974677095621,0.974411740327,4.54519777191,85.4548022281
443,3.19880261912,1.03923299946,1.03567442801,4.3640834816,85.6359165184
444,3.19807620707,1.02372288425,1.02158261963,4.49137518759,85.5086248124
445,3.21890253311,1.029931329,1.02697359009,4.26260620052,85.7373937995
446,3.10721812868,1.03071927466,1.02915004111,4.4812921502,85.5187078498
447,3.0070105193,0.985705352756,0.985756006753,4.75771491064,85.2422850894
448,3.25802343561,0.966642799478,0.970460959873,3.93261872841,86.0673812716
449,3.04424183286,0.989514458709,0.98974165849,4.71562626536,85.2843737346
450,3.16458017939,0.971454163003,0.973629183553,4.3728658044,85.6271341956
451,3.13610213456,0.974021941692,0.975680735213,4.3385702874,85.6614297126
452,3.09080925963,0.984524319086,0.985197278962,4.4268823283,85.5731176717
453,3.19730282888,1.05470967781,1.04976626934,4.66979611277,85.3302038872
454,3.18041941282,0.986359570676,0.987488741447,4.46245760728,85.5375423927
455,3.04917697654,0.941291980927,0.942747872067,4.77219099793,85.2278090021
456,3.15060091528,1.01980160388,1.01841338869,4.91303678591,85.0869632141
457,3.09324490969,0.933405718452,0.936436536681,3.98257238927,86.0174276107
458,3.14957268734,0.972103461104,0.97404894332,4.9272858087,85.0727141913
459,3.13483992103,0.941162555457,0.944920660529,4.45791772393,85.5420822761
460,3.11626729529,1.00838939355,1.00792835738,4.28778929956,85.7122107004
461,3.08009072827,1.07708419919,1.07401454505,4.70239984625,85.2976001538
462,3.28791720917,1.04852044806,1.04239544658,4.70267795674,85.2973220433
463,3.1511069538,1.01456085719,1.01353739294,4.97296030108,85.0270396989
464,3.13679773361,1.02287389115,1.02140705218,4.88470490126,85.1152950987
465,3.053506299,1.00747346351,1.00727863803,4.55144395441,85.4485560456
466,3.24894854034,1.02511973015,1.02233630177,4.78868999394,85.2113100061
467,3.00892692015,0.953417513139,0.953649429678,4.51675240573,85.4832475943
468,3.16824960989,1.04254952257,1.03923269993,4.45174753956,85.5482524604
469,3.26531451852,1.04443795394,1.03921827172,4.6822047584,85.3177952416
470,3.05815176939,1.04597185954,1.04465067685,4.76077229433,85.2392277057
471,3.20188213816,1.00944078023,1.00857503362,4.85312713086,85.1468728691
472,3.10529757214,1.01381689891,1.01312527407,4.9557991831,85.0442008169
473,3.03140314628,0.961867120694,0.962469835712,4.66289317205,85.3371068279
474,3.25970289198,0.975242715715,0.978090648093,4.81597055264,85.1840294474
475,3.0690898322,0.953756904913,0.955323343148,4.46140844337,85.5385915566
476,3.08654696095,1.01142700329,1.01095269917,4.89263964231,85.1073603577
477,3.02829734359,0.966786532067,0.967258681779,4.95070725206,85.0492927479
478,3.21650747233,1.03971542717,1.0358245401,4.23166411482,85.7683358852
479,3.27573152885,0.978830561127,0.981397096336,4.4925757562,85.5074242438
480,3.11885823925,0.974306197772,0.975751068062,4.59197536431,85.4080246357
481,3.11938791932,1.10941616541,1.10297814327,4.79884499911,85.2011550009
482,3.02047726631,0.97881727141,0.979034259969,4.49563218708,85.5043678129
483,3.19624517639,0.979329218102,0.981177920211,4.3633845299,85.6366154701
484,3.21732074343,1.01088424332,1.0098172365,4.94519964694,85.0548003531
485,3.04789328664,1.0344638028,1.0336482816,4.71714596189,85.2828540381
486,3.02122053909,1.01969948977,1.01949081587,5.1483881628,84.8516118372
487,3.07273471949,0.97883227241,0.979577203059,4.81943240308,85.1805675969
488,3.13315140099,0.965195136283,0.967376342341,4.86996069071,85.1300393093
489,3.18824463182,1.06149839314,1.05616360901,5.20890941204,84.791090588
490,3.0880780666,1.03639858612,1.03485265224,4.80448715881,85.1955128412
491,3.23834642269,0.959751267711,0.964048708144,4.11361772864,85.8863822714
492,3.01758798078,0.972657824531,0.972901152126,4.99997359332,85.0000264067
493,3.16785459159,1.01863060823,1.0171867914,4.57859482233,85.4214051777
494,3.20324784363,1.02098279179,1.01904541871,4.79791215773,85.2020878423
495,3.10763189919,1.0580226011,1.05501782337,4.71828718623,85.2817128138
496,3.25578785999,1.08457799518,1.07488227531,4.54800346151,85.4519965385
497,3.12301726392,1.01936180298,1.01823837522,4.68080479807,85.3191952019
498,3.06400666343,0.912098621777,0.914978725298,4.31276288823,85.6872371118
499,3.24256537594,0.969510331809,0.972813248969,4.15799315754,85.8420068425
500,2.97339068795,1.01390445863,1.01409124757,4.91907690395,85.080923096
501,3.14945340476,0.985468734643,0.986479724359,4.80806435692,85.1919356431
502,3.11819966277,1.01777134422,1.01677848761,4.64341384898,85.356586151
503,3.05480493222,1.01658839072,1.01614489961,4.74998062069,85.2500193793
504,3.32932795417,1.02080388007,1.01786113517,4.89453657313,85.1054634269
505,3.20723142728,1.00546347687,1.00495049439,4.96243988384,85.0375601162
506,3.18015421615,0.978850418065,0.980599912053,5.02487985698,84.975120143
507,2.96373191194,1.04422289201,1.04501681295,5.0366260559,84.9633739441
508,3.21730380087,1.00437768509,1.00394864071,4.97472406841,85.0252759316
509,3.21454429022,0.971923312956,0.974647447913,4.58070433023,85.4192956698
510,3.16640779953,1.02442122752,1.02254250066,4.2957466539,85.7042533461
511,3.08632461047,0.952718379345,0.954697989689,4.81311389072,85.1868861093
512,3.16163023134,0.984161317457,0.985346400124,4.54042050692,85.4595794931
513,3.30304099157,1.07432142952,1.06447484929,4.52705403868,85.4729459613
514,3.11953570582,1.00008097646,1.00007640962,4.70590452097,85.294095479
515,3.26090865896,0.984333529518,0.986142104209,4.50351265543,85.4964873446
516,3.13861063589,1.00451786733,1.00422503011,4.30784788276,85.6921521172
517,3.19814200979,1.01480675382,1.01347145175,5.0194926601,84.9805073399
518,3.21406099375,1.03175361242,1.02867769455,4.41070137229,85.5892986277
519,3.15967123278,0.955402870738,0.9587176793,4.72786926956,85.2721307304
520,3.07086150102,0.94744902514,0.949279895499,4.68241272746,85.3175872725
521,3.19751147682,1.02120743375,1.01929952039,4.8511462904,85.1488537096
522,3.25703149476,1.00341611186,1.00302707698,4.66408932767,85.3359106723
523,3.3376788464,0.987524355963,0.989326772797,4.52650552061,85.4734944794
524,2.97643496313,0.975793349123,0.97550840704,4.42104799682,85.5789520032
525,3.00945409589,1.06719494657,1.06680410731,4.58405571177,85.4159442882
526,3.35491305048,0.967577542837,0.97246920655,4.37218065992,85.6278193401
527,3.05081697922,1.0181004687,1.01765058414,5.07411771982,84.9258822802
528,3.11878735185,0.990736850891,0.991256345709,4.88518139594,85.1148186041
529,3.18347993508,1.01058877641,1.00969876318,4.64371242244,85.3562875776
530,3.16665831562,1.02462094754,1.02272418172,5.05212899684,84.9478710032
531,3.15810481392,1.00372243766,1.00344971807,4.21990497521,85.7800950248
532,3.29131763773,0.99918575552,0.99928927848,4.33967817475,85.6603218253
533,3.16348584076,1.01972167155,1.01822987007,4.31782659608,85.6821734039
534,3.04250181499,1.00093035911,1.00091099935,4.934436554,85.065563446
535,3.05710657752,0.984637751843,0.985065050465,4.48667363667,85.5133263633
536,3.12516926909,1.0256020955,1.0240906743,4.53176022764,85.4682397724
537,3.00475127006,1.00074862608,1.00074685173,4.8840950268,85.1159049732
538,3.11239541997,1.1023047601,1.09663471302,4.78378081249,85.2162191875
539,3.16464571358,0.977874634909,0.979559653874,4.75839571269,85.2416042873
540,3.04998431615,1.00808782326,1.00789049682,4.3614512777,85.6385487223
541,3.10701755682,1.03480510528,1.03302830641,4.59803284429,85.4019671557
542,3.44388563146,1.00549521609,1.00449709122,4.09159213592,85.9084078641
543,3.24916456755,0.99030371533,0.991378039112,4.67698574309,85.3230142569
544,3.2201437798,0.988816913395,0.989926055265,4.54648119806,85.4535188019
545,3.05547529103,1.03870409159,1.03764615777,4.72349192599,85.276508074
546,3.09209869036,1.05851793569,1.05589811696,4.69988878522,85.3001112148
547,3.0779432544,1.04278616624,1.04116381293,4.92764362542,85.0723563746
548,3.1001272692,1.00771146298,1.00734370638,4.4745237849,85.5254762151
549,3.27964572765,1.00275421592,1.00241635081,4.73150537937,85.2684946206
550,3.16051963607,1.005441999,1.00503764407,4.42434891545,85.5756510846
551,3.15150522972,0.977645687187,0.979222081794,4.52650684163,85.4734931584
552,3.09288012349,1.05410734805,1.0516715767,4.39566442342,85.6043355766
553,2.99611324444,0.959816946121,0.959755012212,5.05025717496,84.949742825
554,3.20906960825,1.00671535718,1.00607974968,4.71055115728,85.2894488427
555,3.17170043952,1.03044857225,1.02803571557,5.0630132258,84.9369867742
556,3.22040163303,0.976232876173,0.978594502305,4.7873031138,85.2126968862
557,3.02817302725,1.00829590654,1.00818053256,4.47111780365,85.5288821963
558,3.3542056962,1.02820715369,1.02395976268,4.3286069501,85.6713930499
559,3.02391859957,1.07400026018,1.07302810058,4.80561632731,85.1943836727
560,3.40252288469,1.00758853913,1.006317079,4.85453442892,85.1454655711
561,3.30802963524,1.01111776545,1.00963376493,4.5615223972,85.4384776028
562,3.20286337587,1.00345776215,1.00313932645,4.64939905433,85.3506009457
563,3.18637561258,1.01562220751,1.014289777,4.56945443919,85.4305455608
564,3.13039448293,1.01653696209,1.01552385331,4.72482604393,85.2751739561
565,3.08870358173,0.978511728237,0.979426474991,4.2092679905,85.7907320095
566,3.06934440711,0.995120248703,0.995283796988,4.85488413414,85.1451158659
567,3.0369725156,0.996070145357,0.996141489406,4.60039536899,85.399604631
568,3.37622398169,0.982439507788,0.985220641351,4.84710761795,85.152892382
569,3.13041636862,1.03088499743,1.02898823743,4.44730410447,85.5526958955
570,3.17392505485,1.02221838721,1.02043866834,4.11393840949,85.8860615905
571,3.22833715752,1.05430720564,1.04871342615,4.59636189353,85.4036381065
572,3.10365275894,0.980169728204,0.981148495408,4.69176299948,85.3082370005
573,3.33052570454,0.996887731291,0.99732913209,4.88619605592,85.1138039441
574,3.03381318722,0.998102172394,0.998133726376,4.60193453843,85.3980654616
575,3.19765274327,1.05257834638,1.0478221759,4.67342612602,85.326573874
576,3.23440707083,0.993462417963,0.994148312404,4.94444052238,85.0555594776
577,3.33554222123,0.982293871531,0.98483854351,4.50346603042,85.4965339696
578,3.09398330359,1.0034721229,1.00331627606,5.16372428629,84.8362757137
579,3.03268568138,0.960427792041,0.961078866147,4.78940392527,85.2105960747
580,3.00405194751,0.994690668858,0.994701440864,4.6230149626,85.3769850374
581,3.29170350817,1.02464175614,1.0215027008,4.2830743341,85.7169256659
582,3.07713832738,1.03981846819,1.03832565256,4.81536086761,85.1846391324
583,3.05722628993,0.971865114212,0.97265286307,4.59028200164,85.4097179984
584,3.19755225321,1.05468253261,1.04973596874,4.53096800506,85.4690319949
585,3.20874616009,0.985955945635,0.987283747808,4.58713504392,85.4128649561
586,3.17220296767,1.02322987862,1.02138586733,4.50855126082,85.4914487392
587,3.09825375274,1.04628186177,1.0440931945,4.63275996641,85.3672400336
588,3.29712839358,1.06821735417,1.05934125973,4.40750694906,85.5924930509
589,3.36407307495,0.963452476093,0.969088272609,4.70046522237,85.2995347776
590,2.92904058271,0.983937760435,0.983348068289,4.66275168661,85.3372483134
591,3.25820387813,1.02371797808,1.02100373857,3.95910500689,86.0408949931
592,3.26525047739,1.01274648628,1.01125357468,4.45768521178,85.5423147882
593,3.08803998132,0.946723082861,0.949002648085,4.75141030897,85.248589691
594,3.21825679449,1.05719790676,1.05153587539,4.68923101762,85.3107689824
595,3.22357943841,1.03693486429,1.03321192466,4.0919300969,85.9080699031
596,3.19220747021,1.01404107642,1.01280946317,4.30899392573,85.6910060743
597,3.13638704431,1.0290215305,1.027163782,4.50133044867,85.4986695513
598,3.05778633665,1.00806627093,1.00783963509,4.4338263766,85.5661736234
599,3.13882321877,1.01935432084,1.01809662057,4.81175800272,85.1882419973
600,3.19172977764,0.966705413915,0.969624992174,4.69489151333,85.3051084867
601,3.0178359473,1.00274449115,1.00272022715,4.85070294413,85.1492970559
602,3.11071948488,1.04665239422,1.04418362062,4.63873775536,85.3612622446
603,3.12886147346,0.954291738336,0.957078277999,4.5365525339,85.4634474661
604,3.15850045997,1.04228664783,1.03916647258,4.84984805038,85.1501519496
605,3.46220097336,1.07035340785,1.05710014436,4.98868044536,85.0113195546
606,3.18826403609,0.997390696753,0.997615187661,4.40852795164,85.5914720484
607,3.16433047563,1.03175400172,1.02933671026,4.72978263898,85.270217361
608,3.11724243698,0.916578499425,0.921320116215,4.97191418012,85.0280858199
609,3.18164965149,1.0563945815,1.05166450435,4.83739152731,85.1626084727
610,3.06541091434,0.985408831248,0.985871634089,4.62624433236,85.3737556676
611,3.20857058568,0.982960807767,0.984570854831,4.86496304235,85.1350369576
612,2.99197773413,1.02503302209,1.02512986856,4.65953285731,85.3404671427
613,3.16416751674,0.966849919012,0.969371775075,4.45319826528,85.5468017347
614,3.21584857175,0.98467580538,0.98616921577,4.75339037943,85.2466096206
615,3.33581819305,0.97142539593,0.975537198443,4.70499436834,85.2950056317
616,3.19567261838,0.998383297026,0.998527374178,4.69667409225,85.3033259077
617,3.1720045659,1.02371833496,1.02183743748,4.76269723551,85.2373027645
618,3.09917699736,0.998120586811,0.998209382358,4.53539455163,85.4646054484
619,3.13223589048,0.985295743163,0.986208319967,4.4337260971,85.5662739029
620,3.1662343381,1.01472452518,1.01359395393,4.32900734315,85.6709926568
621,3.01022302057,1.01049850196,1.01044482678,5.18846473032,84.8115352697
622,3.19838079586,1.0334864084,1.03045754461,5.08332147349,84.9166785265
623,3.07184344214,1.00841251571,1.00812066862,5.05570356504,84.944296435
624,3.25878128949,1.01110112722,1.00982906946,4.48931661231,85.5106833877
625,3.04352163742,1.05847591286,1.05718370575,4.28800847396,85.711991526
626,3.16448793996,1.08664698287,1.07993424414,4.88356006312,85.1164399369
627,3.04720416433,1.00268542463,1.00262349994,4.94936429121,85.0506357088
628,3.37532550291,1.04178091277,1.03516822433,4.45731977639,85.5426802236
629,3.09006899879,0.961850971242,0.963507115324,4.46754556812,85.5324544319
630,3.05264383736,0.998538646674,0.998576126497,4.46906998126,85.5309300187
631,3.09002932523,1.01183222879,1.01132218523,4.6656392507,85.3343607493
632,3.30566565794,1.03596725645,1.03119143143,4.84839522146,85.1516047785
633,3.05536131436,1.02426243684,1.02360563691,5.07333919793,84.9266608021
634,3.17685390356,0.981475773636,0.982981967673,4.55029851302,85.449701487
635,3.23426821712,1.0100089617,1.008959319,4.55920878254,85.4407912175
636,3.17192249585,0.982700678832,0.984071048773,4.45598793767,85.5440120623
637,3.08225559821,0.920940768229,0.92417316479,4.63436689476,85.3656331052
638,3.30979477814,1.02238763097,1.01938313151,4.64301596881,85.3569840312
639,3.08743600892,0.982435105351,0.983172034039,4.90163210976,85.0983678902
640,3.25632496867,1.04169510639,1.03694580677,4.14870508163,85.8512949184
641,3.11198092714,1.02351920165,1.02226941071,4.40686666586,85.5931333341
642,3.03114250513,1.018415686,1.01813183687,5.15286071086,84.8471392891
643,3.1608645407,1.02138755594,1.01979343039,4.36935070872,85.6306492913
644,3.25998640377,0.988797568979,0.990086528166,4.78069792332,85.2193020767
645,2.95795195708,1.00655744923,1.00669819875,4.3799918401,85.6200081599
646,3.16691631151,0.998401318373,0.998524464699,4.76367478963,85.2363252104
647,3.17097394213,1.08065879817,1.07420412692,4.94975204881,85.0502479512
648,3.1534570862,0.974761250749,0.976563003674,4.83216982175,85.1678301783
649,3.18987906641,1.04013889864,1.036646241,4.54323012451,85.4567698755
650,3.15767216686,0.96911588065,0.971378605534,5.05848281909,84.9415171809
651,3.29747487108,1.0989181691,1.08595100675,4.4299648706,85.5700351294
652,3.24792850421,1.03875014528,1.03446607298,4.51091392693,85.4890860731
653,3.1274430602,0.994343186819,0.994682092045,4.54131208177,85.4586879182
654,3.21353567919,0.998537422688,0.998678515384,4.40270869097,85.597291309
655,3.06233212882,1.05915651075,1.05732139521,4.60358474125,85.3964152588
656,3.2012508906,1.00895821817,1.00813907206,4.57257216662,85.4274278334
657,2.94963128123,1.00558153761,1.0057256897,4.72134630827,85.2786536917
658,3.28297713534,0.983842942195,0.985846333418,4.86445878135,85.1355412186
659,3.12908916143,0.990315620265,0.99090298373,4.72406713733,85.2759328627
660,3.17250036627,1.01590228704,1.01463883301,4.21489967774,85.7851003223
661,3.1404448652,0.996081578132,0.996338696876,4.69255225261,85.3074477474
662,3.13698324656,0.999784321856,0.999798147091,4.55035470944,85.4496452906
663,3.16121857983,0.993950196369,0.994401532281,4.72836261957,85.2716373804
664,3.10674377111,1.02456431146,1.02331652542,4.54253022403,85.457469776
665,3.08060511914,1.02468227893,1.02372271953,4.44142705765,85.5585729423
666,3.17158406385,1.01430882019,1.01317766069,4.82187213052,85.1781278695
667,3.12757677058,1.02272090285,1.02135604433,5.01932788788,84.9806721121
668,3.36871292615,1.04013849009,1.03388081983,4.8970173934,85.1029826066
669,3.20621279469,1.04252639732,1.03853717323,4.25688422552,85.7431157745
670,3.18744820604,0.999047902021,0.999129489973,4.70472195367,85.2952780463
671,3.19056080055,0.984996305863,0.986302146637,4.81821805263,85.1817819474
672,3.02049003304,0.973690358443,0.973961582693,4.42162745406,85.5783725459
673,3.19811745688,0.975280179436,0.977511033765,5.23915689324,84.7608431068
674,3.2184370953,1.01526910746,1.01376499174,5.03126090688,84.9687390931
675,3.18844075417,0.999837751601,0.999851722375,4.52004456952,85.4799554305
676,3.06307028788,1.03988427667,1.0386505258,4.6569271672,85.3430728328
677,3.23628838928,1.03488764283,1.03119378883,4.49453077063,85.5054692294
678,3.20821280248,1.0105127857,1.00952131735,4.59377729133,85.4062227087
679,3.0612485425,1.00519075696,1.00503648535,4.63577131876,85.3642286812
680,3.19769328822,1.00715441743,1.0065107735,4.2355723439,85.7644276561
681,3.17424426455,1.02294884571,1.02110737027,4.3273539385,85.6726460615
682,3.17334064334,1.01352142833,1.01244250874,4.70092982794,85.2990701721
683,3.09438142316,0.997898697829,0.997993393149,5.01868663022,84.9813133698
684,3.18763570021,1.00947518623,1.00866232754,4.70227301351,85.2977269865
685,3.07062042507,1.08408559462,1.08108406337,4.8110466811,85.1889533189
686,3.33675365231,1.00681165201,1.0058299634,4.09821819861,85.9017818014
687,3.01762788515,0.973390625237,0.973627696703,4.76337167062,85.2366283294
688,2.94712523592,0.967217003715,0.966336314412,4.49352302262,85.5064769774
689,3.2405642423,1.01576831873,1.01407461343,4.68112354575,85.3188764543
690,3.4166913827,0.991464887297,0.992936618796,3.99354081518,86.0064591848
691,3.14117835999,0.984552767222,0.985572029751,4.94264093871,85.0573590613
692,2.9580642928,0.992801976267,0.992647916119,5.0460434541,84.9539565459
693,3.22964127182,0.999605304749,0.999645956286,4.22486155724,85.7751384428
694,3.17827949135,0.995768861251,0.996115169975,4.26734604562,85.7326539544
695,3.20839409531,1.02446727571,1.02215571288,4.94713524187,85.0528647581
696,3.29338408848,0.963173869894,0.967893178201,4.26948554531,85.7305144547
697,3.02860347161,1.03742826094,1.03688796235,4.57946877668,85.4205312233
698,3.0457005563,1.00817044057,1.00798778708,4.50865595819,85.4913440418
699,2.89416606928,1.00613814142,1.00648103359,4.46657827752,85.5334217225
700,2.97542441613,0.983089624834,0.98288050312,4.64947087429,85.3505291257
701,3.01954293031,1.0220152001,1.02179957052,4.5666189554,85.4333810446
702,3.09431305449,0.959603336734,0.961436864497,4.81773210347,85.1822678965
703,3.0522236119,1.01543245539,1.01503889017,4.7980390966,85.2019609034
704,2.97843252203,1.07236644298,1.07305758536,5.12515128178,84.8748487182
705,3.27210451135,0.971958985002,0.975320902223,4.73765728616,85.2623427138
706,3.29497712842,0.98997793975,0.991266257946,4.80080470015,85.1991952998
707,3.04410561693,0.955739509404,0.956714810809,4.70823993309,85.2917600669
708,3.09079219753,1.03839110317,1.03671160007,4.79315915444,85.2068408456
709,2.79447354265,1.01828592469,1.02037815065,4.77970430191,85.2202956981
710,3.10610438381,0.950049558432,0.952592700666,4.20931175468,85.7906882453
711,3.10923203889,1.00737845739,1.00699625927,4.58273223032,85.4172677697
712,3.2495497013,0.959289461894,0.963817461421,4.75717919946,85.2428208005
713,2.92992912429,1.03064106414,1.03174556199,4.96699942806,85.0330005719
714,3.02588943765,0.989973255904,0.990101633086,4.88535617602,85.114643824
715,3.13719882487,1.02006008368,1.01877066028,5.04240069017,84.9575993098
716,3.02638928944,1.0102010772,1.01006797533,4.75317128696,85.246828713
717,3.18864913936,0.973970600615,0.976217550993,4.53432256128,85.4656774387
718,3.15982067583,1.01739986051,1.01611127395,4.29668072012,85.7033192799
719,3.08696758953,0.987069372401,0.987608689959,4.25429569901,85.745704301
720,3.28652311593,1.05269602634,1.0460682441,5.04911345097,84.950886549
721,3.1552112847,0.974355581331,0.976205777509,4.25039652731,85.7496034727
722,3.23600751228,1.03369155114,1.03012861405,5.2297200628,84.7702799372
723,3.02898908976,0.961862573557,0.962420737055,4.4206450564,85.5793549436
724,3.22341636066,0.924085750734,0.931793381841,4.76100525166,85.2389947483
725,3.19517116831,1.01235888745,1.01125971031,4.28047188524,85.7195281148
726,3.15211528089,0.981754416313,0.983045264794,4.50128527655,85.4987147235
727,3.10698117994,0.993389806769,0.993725498611,4.4879018001,85.5120981999
728,3.14004977552,1.00767854068,1.00717594695,5.15635461569,84.8436453843
729,3.00104360538,0.987557727218,0.987564697019,4.92151170391,85.0784882961
730,3.05194087841,0.962958224186,0.963907626124,5.12422091978,84.8757790802
731,3.10828858027,1.00928890675,1.00881162715,4.34942025492,85.6505797451
732,3.1778377237,1.0197334428,1.01812056294,4.60184698825,85.3981530118
733,3.03311054582,0.978823347137,0.979170482702,4.55790465938,85.4420953406
734,2.99164393689,1.02244789642,1.02253921464,4.54955075051,85.4504492495
735,3.11227248662,0.961593713882,0.963647120924,4.64349016528,85.3565098347
736,3.06595027489,1.00223875126,1.0021672822,4.53178304588,85.4682169541
737,3.15979309985,1.02312736682,1.02141382454,4.69349150502,85.306508495
738,3.23624010606,0.933587698203,0.940655944132,4.54600942108,85.4539905789
739,3.18741083545,0.976995259111,0.978968562866,4.59964954117,85.4003504588
740,3.07591872212,1.01295525016,1.01248097575,5.37610041391,84.6238995861
741,3.23010616977,0.995063842919,0.995573185739,4.41720992822,85.5827900718
742,3.11987779665,0.997081915393,0.997246936515,4.92103719839,85.0789628016
743,3.06751063286,1.03572668623,1.03454978258,4.93984850597,85.060151494
744,3.11530118148,1.05024259677,1.04747718055,4.82047192958,85.1795280704
745,3.12418486557,1.01045086124,1.00983964103,4.25879200731,85.7412079927
746,3.14720202605,1.00338274008,1.00315082758,4.77834085578,85.2216591442
747,3.34178280779,1.01878733998,1.0160442982,4.36678782867,85.6332121713
748,3.10046374422,1.04659862766,1.04434802037,4.62039876041,85.3796012396
749,3.01316555203,0.971624849853,0.971816014693,4.95872367293,85.0412763271
750,3.09094558041,0.983482533447,0.984201945721,4.51792524207,85.4820747579
751,3.20735715093,0.984717027878,0.986153360337,4.39400485307,85.6059951469
752,3.0498067973,0.994250503451,0.994390250512,4.56032292088,85.4396770791
753,3.18679049672,1.00280533965,1.00256570992,4.36306879437,85.6369312056
754,3.22691597244,1.03229266721,1.0289960452,4.44181799053,85.5581820095
755,3.23112348047,1.02902952038,1.02601792958,4.21354469168,85.7864553083
756,3.2220383125,1.0513791278,1.04622033049,4.08338882392,85.9166111761
757,3.15239555933,0.957596932439,0.960614472673,5.13709689019,84.8629031098
758,3.1376364451,0.942754842788,0.946479081214,4.82369646756,85.1763035324
759,3.00553446242,1.03071597268,1.03062402563,4.65073822002,85.34926178
760,3.13621955789,1.02230149016,1.02087712358,4.65601912653,85.3439808735
761,3.32015308688,1.04613962847,1.03975719451,4.90046451216,85.0995354878
762,2.98726619981,1.0247345029,1.0248891384,4.89644034199,85.103559658
763,3.00856228979,0.929752984328,0.930137892872,4.7189208867,85.2810791133
764,3.06793570178,1.06673117979,1.06447179534,4.84347250213,85.1565274979
765,3.22552394215,0.971175549747,0.974100826082,4.87557224963,85.1244277504
766,3.06815080693,1.07356578093,1.07105170171,4.60627594067,85.3937240593
767,3.1389837808,1.04790042873,1.04476557469,4.79130868994,85.2086913101
768,3.05863359844,0.97464695494,0.975372790627,4.21911330256,85.7808866974
769,3.00027369229,0.977799317349,0.977805089066,4.91685422904,85.083145771
770,3.10145152057,1.04728808069,1.04498238219,4.39863091714,85.6013690829
771,3.1563019125,1.00863606387,1.00800994081,4.92334930055,85.0766506994
772,3.08875726195,1.02968718114,1.02841994706,4.66666185101,85.333338149
773,3.133585803,1.00100680763,1.00094377025,5.11913101031,84.8808689897
774,3.08879737045,1.01370029944,1.01311731839,4.89881573775,85.1011842622
775,3.17558631458,1.06864707196,1.06304396514,4.44009817505,85.559901825
776,3.21241877334,1.03499334512,1.03162565192,4.66280836295,85.3371916371
777,3.14459737884,1.01105161562,1.01030619757,4.38456531826,85.6154346817
778,3.09693129566,1.00008344628,1.00007958895,4.67047950815,85.3295204919
779,3.15669428284,1.00202327639,1.00187627391,4.39346125414,85.6065387459
780,3.21861433556,0.989302492101,0.990356810529,4.22923194715,85.7707680529
781,3.29901828065,1.01569961855,1.01365703492,4.46327440099,85.536725599
782,3.14673583338,0.971834708573,0.97376440681,4.23970834593,85.7602916541
783,3.11423541158,1.00678405895,1.00641743967,4.78628845874,85.2137115413
784,3.11359494292,0.993242495232,0.993605741992,4.73328542906,85.2667145709
785,3.35137959563,0.981412328862,0.984190974764,4.44740754321,85.5525924568
786,3.22177829261,1.07060947891,1.063497096,4.70475733947,85.2952426605
787,3.26542269699,1.02493822612,1.02201373235,4.5792574493,85.4207425507
788,3.36382655027,1.08938414531,1.07551867295,4.80897456523,85.1910254348
789,3.07868509307,1.02777003188,1.02671407672,4.39655292941,85.6034470706
790,3.1644450662,1.06474791409,1.05977516006,4.46090900332,85.5390909967
791,3.10927780077,1.06600903313,1.06252798965,5.31202388496,84.687976115
792,3.11994716252,1.05174938425,1.04879231615,4.6936868217,85.3063131783
793,3.13895634657,0.947370948065,0.950819745045,5.03274543368,84.9672545663
794,3.03207415447,1.06268805479,1.06163992832,4.81867064294,85.1813293571
795,3.05799070399,0.982376690378,0.982874541322,4.81721664032,85.1827833597
796,3.28963460008,1.03509066946,1.03064456591,4.38940600137,85.6105939986
797,3.27385266076,1.01658166018,1.01458386353,4.40992650438,85.5900734956
798,3.14777712143,1.003785999,1.00352549358,4.97634930406,85.0236506959
799,2.92418615365,0.99238302915,0.992083040947,4.97036465779,85.0296353422
800,3.23452808754,1.02334536257,1.02089283621,4.43883683998,85.56116316
801,3.17854637424,1.04662296711,1.04278231034,4.5453744355,85.4546255645
802,3.22018205082,1.04196132246,1.03778639583,4.87577197867,85.1242280213
803,3.12220405763,1.03047785937,1.02871691296,4.5240495823,85.4759504177
804,3.10836955564,1.01302952115,1.01235933569,4.2748870442,85.7251129558
805,3.30307140023,0.960859261465,0.966019779715,4.8136263035,85.1863736965
806,2.99474964725,0.978516325413,0.978462276807,4.57550497125,85.4244950287
807,3.16964855191,1.00294501754,1.00271473655,5.01522343407,84.9847765659
808,3.13205796111,0.983172188021,0.984215472513,4.77183752295,85.228162477
809,3.23278568418,0.96222029043,0.96616881185,3.74086267825,86.2591373218
810,3.25306574626,1.03147219402,1.02793176751,4.60386244301,85.396137557
811,3.38684471406,1.0616792621,1.05164818756,4.30134398753,85.6986560125
812,3.39573135034,1.04620678029,1.03855991454,4.26124597278,85.7387540272
813,3.23954851217,0.975672827962,0.978277494979,4.51804859388,85.4819514061
814,2.997618392,0.985598580398,0.985582160036,4.95408741395,85.045912586
815,3.05310990389,0.988205696358,0.988511170868,5.1479826855,84.8520173145
816,3.03189107426,1.09231148587,1.0906754778,4.58449294252,85.4155070575
817,3.27095626279,0.986730112358,0.988313791168,4.19243062957,85.8075693704
818,3.28189916455,1.01456574254,1.01276581307,5.12300696481,84.8769930352
819,3.04673646486,0.935560749245,0.937094549689,4.86101940512,85.1389805949
820,3.21652143624,1.01511260371,1.01363569145,4.78512173257,85.2148782674
821,3.25066279463,0.987328044164,0.988739713323,4.67937895354,85.3206210465
822,3.19380036538,1.03804977088,1.03467802149,4.46514739783,85.5348526022
823,3.27233368808,1.00781636493,1.00687951113,5.55839770565,84.4416022943
824,3.36736071275,0.999340243196,0.999442622538,4.4621070323,85.5378929677
825,3.03524754526,0.986041319846,0.986283709202,4.87285024574,85.1271497543
826,3.20854389414,1.02833712209,1.02565713808,4.75087776473,85.2491222353
827,3.11486351918,1.02605185662,1.02463317728,4.80255340411,85.1974465959
828,3.25316743363,0.993783264851,0.994481823472,4.51016517955,85.4898348204
829,3.07890461191,1.05458935213,1.05248123201,4.40713001621,85.5928699838
830,3.28779695503,1.00862443759,1.00753940599,4.71177066826,85.2882293317
831,3.18474894752,1.00975329109,1.0089283455,4.47641480176,85.5235851982
832,2.98120310225,1.04791117744,1.04833747208,4.70352165739,85.2964783426
833,3.17651055434,0.976770712286,0.978656991126,4.28282968278,85.7171703172
834,3.04106973906,1.02980418634,1.02919825042,4.97060104439,85.0293989556
835,2.89957783041,0.966661980719,0.964910356972,4.51256103953,85.4874389605
836,3.06866465339,0.996297807057,0.996420704459,4.54536941485,85.4546305851
837,3.07980390364,1.01243806545,1.01196037818,4.45872892691,85.5412710731
838,3.21158337179,0.980255793708,0.982146155552,4.24227893434,85.7577210657
839,3.07973353786,1.01756859461,1.01689383825,4.63238653716,85.3676134628
840,3.14950797491,0.963422245507,0.965976245627,4.79935819537,85.2006418046
841,3.04195222108,1.01266600418,1.01240530188,4.64642424373,85.3535757563
842,3.21670008782,1.03631014565,1.032751752,4.89418629303,85.105813707
843,2.9888271546,0.984776814572,0.984692190539,4.67462649742,85.3253735026
844,3.19111774533,0.957483265696,0.961206345932,4.59500689889,85.4049931011
845,3.09166829522,0.960316475627,0.962069276701,4.55063160731,85.4493683927
846,3.11067366582,1.01777349674,1.01684034516,4.55293997171,85.4470600283
847,3.22678649755,0.967187307572,0.970535505509,4.58975055812,85.4102494419
848,3.07760018454,0.970584569636,0.971688936914,4.63437875161,85.3656212484
849,3.14256578791,1.00393044667,1.00366890339,4.55138553407,85.4486144659
850,3.04447479535,0.998185641077,0.998225111409,4.34956236821,85.6504376318
851,3.09683406268,0.967494000282,0.969002611919,4.70871376508,85.2912862349
852,3.14257272259,0.983755278737,0.984837119114,4.72948025945,85.2705197405
853,3.13279953071,0.965084342153,0.967267150677,4.68477684711,85.3152231529
854,3.24307499733,1.01701102973,1.01516672553,4.48911726505,85.5108827349
855,3.03594182179,1.01271329991,1.01248837669,5.00069476991,84.9993052301
856,3.27552586507,1.03998375875,1.03513158719,4.98499597453,85.0150040255
857,3.02456536345,0.952175450355,0.952782084444,4.48589638665,85.5141036133
858,3.34608351582,1.01035880613,1.00883055024,4.33796089135,85.6620391087
859,3.17731216657,1.04361910899,1.04005085775,4.24899950052,85.7510004995
860,3.13765125305,0.982669009086,0.983786081314,4.72079499084,85.2792050092
861,3.05671746258,1.0299767382,1.02914388786,4.44274582398,85.557254176
862,3.30455131898,0.967053793003,0.971413546263,4.47951625669,85.5204837433
863,3.21471825727,1.01750849619,1.01581004894,4.80240768786,85.1975923121
864,3.15718885065,1.00308536944,1.00286054059,4.30716719335,85.6928328067
865,3.32851954541,1.03395432076,1.02915767021,4.5511690291,85.4488309709
866,3.18488406127,0.99714998657,0.997391158065,4.73150106554,85.2684989345
867,3.24693106223,1.05180864921,1.04609052828,4.88723229063,85.1127677094
868,3.25223049218,0.992645562838,0.993469266339,5.03796316407,84.9620368359
869,3.30932906656,0.971670858261,0.975469170106,4.55893262199,85.441067378
870,3.153221971,0.980478188074,0.981868838734,4.77529762553,85.2247023745
871,3.021165839,1.00066706184,1.00066007623,4.85660719147,85.1433928085
872,3.29369622185,0.961694301784,0.966608466098,4.6845811182,85.3154188818
873,2.9464745845,1.00862934571,1.00886646677,4.62862675535,85.3713732447
874,3.02373474485,0.98603551271,0.986199947953,4.83966854839,85.1603314516
875,3.12581495098,0.990705209459,0.991255482658,4.90725619498,85.092743805
876,3.06422823257,0.996146821323,0.996266725559,4.85133837511,85.1486616249
877,3.18839026099,1.05824588007,1.05319402916,4.69990419455,85.3000958054
878,3.16987298834,0.984903013547,0.986085585872,4.88226768628,85.1177323137
879,3.06085334706,0.959091920256,0.960315500046,4.70634823291,85.2936517671
880,3.16667669514,1.01633881841,1.01508105882,4.84352896491,85.1564710351
881,3.19020957542,1.00968655519,1.00884514965,4.43801643088,85.5619835691
882,2.9379514244,1.01035952911,1.01069091099,4.91882308432,85.0811769157
883,3.17521321055,1.01613958014,1.01483872163,4.67948469867,85.3205153013
884,3.03218980854,1.01766770483,1.01738653492,4.95809665881,85.0419033412
885,3.15809630599,1.01132088201,1.01049125608,4.45167865572,85.5483213443
886,3.10299983973,0.976349683426,0.977510862915,4.93518434377,85.0648156562
887,3.12461798855,1.00019550583,1.00018403857,4.35737881068,85.6426211893
888,3.09206899619,1.03143988124,1.03004947005,4.60712913485,85.3928708652
889,3.20823321277,1.00516902061,1.00468156375,4.67565471424,85.3243452858
890,3.22789818466,1.05420090189,1.04862775296,4.38672766933,85.6132723307
891,3.18999055862,1.01723398991,1.01573789681,4.89531357673,85.1046864233
892,3.11882062443,0.973754849305,0.975230442614,4.65841344202,85.341586558
893,3.39799914135,0.995897917468,0.996578755632,4.99077411652,85.0092258835
894,3.02188833505,1.04846486682,1.04791267224,4.62047311173,85.3795268883
895,3.20782526992,0.987469925077,0.988649761804,4.38945956402,85.610540436
896,3.29203286361,1.01712427883,1.01494160341,4.38687775991,85.6131222401
897,3.21652321546,1.02093951098,1.01889232852,4.5152102764,85.4847897236
898,3.14134117889,0.99608685221,0.996345155307,4.29455071664,85.7054492834
899,3.07587066382,0.981355405119,0.982038292374,4.81799406535,85.1820059346
900,3.22971731423,0.952707517101,0.957598914613,4.38249200242,85.6175079976
901,3.33012756077,1.04468004725,1.03833577712,4.71551934061,85.2844806594
902,3.14066258326,1.06082168504,1.05677926583,4.46499059327,85.5350094067
903,3.19502141859,1.00616974417,1.00562153551,4.75896030301,85.241039697
904,3.23801867725,0.968672129415,0.972009408532,4.49168902732,85.5083109727
905,3.17759649016,0.965686221418,0.968492546134,4.50961413974,85.4903858603
906,3.17961389419,1.03657601388,1.03355247188,4.78607966774,85.2139203323
907,3.3248824475,0.954572328956,0.960935372619,4.50473623464,85.4952637654
908,3.24307336878,0.978898031665,0.981186437143,4.96874230034,85.0312576997
909,3.18028543918,1.01009638855,1.00926133053,4.68230732055,85.3176926795
910,3.05605166226,1.02075252784,1.0201847203,4.85473529076,85.1452647092
911,3.08848019338,0.967663669982,0.96904104715,4.38391785815,85.6160821419
912,2.97282198377,0.994511298521,0.994435728069,4.39095722079,85.6090427792
913,3.10828038741,1.05809168245,1.05506631047,4.68664712892,85.3133528711
914,3.40273330481,0.950231785887,0.958591433471,4.62036716577,85.3796328342
915,3.09017651311,0.995829125229,0.996009085226,4.65929597442,85.3407040256
916,3.22856214216,1.05270828933,1.04727606268,4.95712893959,85.0428710604
917,3.13604529336,1.0000753341,1.00007053605,4.45831058977,85.5416894102
918,3.13136825862,0.975853477073,0.977344671389,4.81281596835,85.1871840316
919,3.18143963305,0.991164556183,0.991899570593,4.78537858013,85.2146214199
920,2.973954528,0.960720612148,0.960218089882,4.67650682126,85.3234931787
921,2.86890903219,0.99729285109,0.997102969504,4.4095245718,85.5904754282
922,3.21827593508,1.06208677197,1.05593368448,4.50239345888,85.4976065411
923,3.12144918393,1.00185726537,1.00175093889,4.62759360743,85.3724063926
924,2.96733916979,0.94907305897,0.948262263315,4.71548160947,85.2845183905
925,3.11866441691,0.990812019927,0.991326793233,4.47235297041,85.5276470296
926,3.20007176168,1.01330309157,1.01209288299,4.21516624257,85.7848337574
927,3.14183315311,1.03465787245,1.03235434098,4.38504560866,85.6149543913
928,3.2154504791,0.965705377474,0.969047914139,4.42848612986,85.5715138701
929,3.10161346107,0.997507438011,0.997627957254,5.26024426028,84.7397557397
930,3.08915783658,0.987862783876,0.988381149309,4.41112213633,85.5888778637
931,3.35413867189,1.04434981071,1.0376647957,4.55283643498,85.447163565
932,3.1264355661,0.973489413874,0.975069579672,4.72006383159,85.2799361684
933,3.01636336267,0.98705737666,0.987162938631,4.4322750012,85.5677249988
934,3.18184306095,0.993467235537,0.994011754544,4.6982400802,85.3017599198
935,3.18140852447,1.05004061659,1.04585504941,4.65174551708,85.3482544829
936,2.99686395337,1.00096675449,1.00096827254,4.45151765013,85.5484823499
937,3.22683927167,1.03202406401,1.02875595274,4.85330199378,85.1466980062
938,3.331400729,0.950814173586,0.957824544266,4.60676106349,85.3932389365
939,3.21114468197,1.04372589497,1.03953499975,4.54164586397,85.458354136
940,2.99973688479,1.06640036011,1.06633595855,4.95591629313,85.0440837069
941,3.26998898171,1.06438779257,1.05668400221,5.31196478339,84.6880352166
942,3.15450212169,0.998424876058,0.998537831006,4.56123929485,85.4387607052
943,3.13381086881,1.01710147813,1.01602801821,4.54398035432,85.4560196457
944,3.05395544374,0.98099436019,0.981495204567,4.33989735256,85.6601026474
945,3.01278074789,0.980266995374,0.980394180359,4.59903428951,85.4009657105
946,3.26333138223,0.994585964162,0.995215897326,5.0799934862,84.9200065138
947,3.1354895217,1.03083375392,1.02887143844,4.90389407616,85.0961059238
948,3.28556847246,0.961935997508,0.966701108692,4.46874191571,85.5312580843
949,3.06481866265,1.05222137417,1.05054971055,4.94966938978,85.0503306102
950,3.24096916607,0.99086554465,0.991847898915,4.16260323804,85.837396762
951,2.9129331672,0.974667967452,0.973519627936,4.54711433247,85.4528856675
952,3.15225896063,0.965492626821,0.967942050079,4.77140369064,85.2285963094
953,3.0968144947,0.988508655249,0.98903956487,4.93496997741,85.0650300226
954,3.11002181801,0.95386185015,0.956288508544,4.74202810312,85.2579718969
955,3.17652388466,1.02184513332,1.02007139284,5.0505091781,84.9494908219
956,3.05694643262,1.02787938573,1.02710256782,5.03012296433,84.9698770357
957,3.17362791921,0.989330419503,0.990182934874,4.50418428902,85.495815711
958,3.15063478825,1.01827737603,1.01699596428,4.8224638734,85.1775361266
959,3.06688853858,1.02554545703,1.02471498097,4.89986058592,85.1001394141
960,3.19406931144,0.997814303464,0.998007634166,4.46633708222,85.5336629178
961,3.12161040189,0.980351780484,0.98147960201,4.56767390318,85.4323260968
962,3.09449051657,1.02436115294,1.0232589812,4.62801262029,85.3719873797
963,3.17166488244,1.01745074318,1.01607026624,4.46929601277,85.5307039872
964,2.9982243329,0.961804415247,0.961784436771,4.5852981994,85.4147018006
965,3.31552190977,1.04141259905,1.03575812145,4.59411544722,85.4058845528
966,2.88191223872,0.999617394615,0.999593386598,4.50935332153,85.4906466785
967,3.15951299401,1.00528613101,1.00489564022,4.54346905463,85.4565309454
968,3.16489186737,0.978962296827,0.980566496626,4.40794695505,85.592053045
969,3.18977991828,0.937115837074,0.942613094331,4.23188849935,85.7681115006
970,3.24562131352,1.00953052993,1.00848794782,4.05558384193,85.9444161581
971,3.13595476925,0.981847167626,0.983003833611,4.39086403829,85.6091359617
972,3.11460536734,1.03444878977,1.0325731224,4.82207780434,85.1779221957
973,3.00658212454,1.01579283116,1.01574005145,4.91836339349,85.0816366065
974,3.25056927058,1.02474663326,1.02198878473,4.71562091892,85.2843790811
975,3.16938681732,0.970572527338,0.972875230372,4.70728821456,85.2927117854
976,3.01151992683,0.995860125693,0.99588385209,5.38999032359,84.6100096764
977,3.06402112383,1.01410520985,1.01366706085,4.94763350376,85.0523664962
978,3.25142054144,0.998876802498,0.999002232411,4.14463592176,85.8553640782
979,3.17061078774,1.00633958459,1.00584124114,4.79666399061,85.2033360094
980,3.12190415829,0.995663401173,0.995912557411,4.67343201901,85.326567981
981,3.36760810701,0.956991448825,0.963681182126,4.75528166338,85.2447183366
982,3.00569533385,1.04426242529,1.04411525386,4.56832808414,85.4316719159
983,3.37276249475,1.00060785485,1.00051236044,4.61591140342,85.3840885966
984,2.97458368842,1.04319497491,1.04373004261,4.68563486819,85.3143651318
985,3.12310093669,0.980311754517,0.981454906642,4.3768561651,85.6231438349
986,3.30124135598,1.00422910291,1.00367548464,4.78893517012,85.2110648299
987,3.33139018152,1.00927575868,1.00795715099,4.35915673863,85.6408432614
988,3.25841126287,1.05236194099,1.04634568503,4.25686255465,85.7431374453
989,3.04429250887,0.972422177242,0.97302459915,4.62541495414,85.3745850459
990,3.26802735918,1.05245466393,1.04623103049,4.45096427819,85.5490357218
991,2.9383169693,0.948654223567,0.947057398264,4.83770742182,85.1622925782
992,3.26612995498,1.06969358499,1.06145078168,4.73035193325,85.2696480667
993,3.05505985045,1.02123347781,1.02066237754,4.20132523868,85.7986747613
994,3.04033094479,0.984686413351,0.98498996048,4.68244637764,85.3175536224
995,3.08577960355,0.993352057377,0.993625524885,4.36250863374,85.6374913663
996,3.19531965814,1.00820305515,1.00747311727,4.91240505157,85.0875949484
997,3.21081824828,0.989827395677,0.990797625302,4.50039728217,85.4996027178
998,2.97861775003,0.950639984348,0.950137598724,4.52664242111,85.4733575789
999,3.20726919296,1.08682292818,1.07854846152,4.79708273638,85.2029172636
